Data,vazao_mgd_TDS,vazao_mgd_Chloride,vazao_mgd_Ammonia,vazao_mgd_BOD
2011-02-28,14.618505195843325,14.618305355715428,,
2011-03-31,17.213437042573734,17.21361372440509,,
2011-04-30,15.849212521874394,15.84942572257983,,
2011-05-31,11.636145628951384,11.636195630651443,,
2011-06-30,13.341395848838172,13.341868877779133,,
2011-07-31,10.934018742452846,10.934153440606295,,
2011-08-31,11.836894121066784,11.836402437682882,,
2011-09-30,11.43559379300683,11.435729465208322,,
2011-10-31,14.043563355593552,14.043281503829194,,
2011-11-30,15.447915640090669,15.447825226057686,,
2011-12-31,15.849209882908005,15.848960176121398,,
2012-01-31,14.244190854213182,14.244604316546763,,
2012-02-29,15.949648308109365,15.949383350462488,,
2012-03-31,14.34458884505299,14.344803227185695,,
2012-04-30,14.344670443047555,14.344554890438795,,
2012-05-31,13.742624321595354,13.742438884713126,,
2012-06-30,11.435458047556125,11.43529620747846,,10.79136690647482
2012-07-31,10.031193794964029,10.030725419664268,,9.192645883293366
2012-08-31,10.031108240342709,10.031086242117416,,9.992006394884093
2012-09-30,9.329066715082194,9.328707246968383,,8.992805755395684
2012-10-31,9.22871170519206,9.228837402518929,,12.390087929656275
2012-11-30,11.736436093843372,11.73644417799094,,13.589128697042366
2012-12-31,15.247292611770458,15.247801758593127,,15.987210231814549
2013-01-31,13.3413790140526,13.34106268704045,,13.98880895283773
2013-02-28,12.639300324446326,12.639203705528729,,12.390087929656275
2013-03-31,12.539072190523443,12.53900988798003,,13.189448441247002
2013-04-30,12.538929895045005,12.538658728189862,,11.191047162270184
2013-05-31,10.833645222550285,10.833333333333332,,11.191047162270184
2013-06-30,11.435560692720063,11.43546701100658,,9.992006394884093
2013-07-31,8.426258992805755,8.426502041609956,,
2013-08-31,7.5233863900381115,7.523072451130006,,
2013-09-30,7.824243398577228,7.8245096230707745,,
2013-10-31,9.429379573264464,9.429542458748234,,
2013-11-30,9.22860597316019,9.228590282136706,,
2013-12-31,13.241209358094919,13.241512053515082,,12.390087929656275
2014-01-31,10.833746795666913,10.833333333333334,,11.990407673860911
2014-02-28,11.234976515828757,11.234933621730066,,
2014-03-31,14.846082317819214,14.846043165467625,,
2014-04-30,12.03743204896999,12.037293242329214,,10.391686650679457
2014-05-31,8.727189371497454,8.727072396137144,,8.792965627498003
2014-06-30,7.9245694353608025,7.924311438423226,,7.593924860111911
2014-07-31,7.222382094324541,7.2221468108532045,,
2014-08-31,7.623635134445634,7.623774398202957,,7.9936051159072745
2014-09-30,9.128392109200924,9.128252953193002,,8.792965627498003
2014-10-31,8.727048212176529,8.727418065547562,,9.59232613908873
2014-11-30,12.137688692976255,12.137672412405646,,9.992006394884093
2014-12-31,11.636145628951384,11.636007649576541,,11.990407673860911
2015-01-31,11.2349770329509,11.234696453363624,,
2015-02-28,11.636131509300332,11.63607575478079,,
2015-03-31,13.441843210514461,13.44183394543107,,
2015-04-30,7.824249075316018,7.82449040767386,,7.9936051159072745
2015-05-31,7.8243065924618795,7.824438123919469,,
2015-06-30,10.23186038325303,10.231814548361312,,
2015-07-31,7.724030565757184,7.7240026160889474,,
2015-08-31,9.730286359147975,9.729993782751578,,
2015-09-30,9.028045855998128,9.02833288924416,,
2015-10-31,13.040500242293213,13.040678568256507,,
2015-11-30,10.03119163655251,10.031484015241794,,
2015-12-31,9.228697444054806,9.228549363898711,,
2016-01-31,13.241082526648837,13.241157074340526,,
2016-02-29,12.53905966136182,12.538653287895999,,
2016-03-31,9.930781136863363,9.930552667692437,,10.391686650679457
2016-04-30,8.626782784298877,8.62659270174222,,
2016-05-31,6.620503597122302,7.022056773186102,,7.9936051159072745
2016-06-30,8.125281247685937,8.125351570595376,,
2016-07-31,6.821175970615913,6.82089059291489,,
2016-08-31,7.523359550701408,7.523249692928584,,
2016-09-30,8.426236110348363,8.426054187705736,,
2016-10-31,8.626774672806743,8.62667009249743,,
2016-11-30,11.435581611831358,11.435851318944845,,
2016-12-31,11.836734086676069,9.629842138559091,,
2017-01-31,13.542023524037912,13.54245795909856,,
2017-02-28,11.435566993559624,11.435679042972518,,
2017-03-31,11.335154750100212,11.335082877094552,,
2017-04-30,8.827460324733844,8.827266544972977,,
2017-05-31,5.717813808654569,5.717792629801484,5.713076597545493,
2017-06-30,6.821229946134277,6.82120969890754,6.82286029583413,
2017-07-31,6.018778197780758,6.0188691152341285,6.018486181928244,
2017-08-31,6.921529022838512,6.921079677611294,6.924190377427786,
2017-09-30,7.122046265426683,7.122140125737248,7.120833945088827,
2017-10-31,9.32897976920477,9.328874928226433,9.330240725452425,
2017-11-30,11.435520353433343,11.492805755395683,11.434888786218732,
2017-12-31,10.131493467433412,10.13189448441247,10.232909562760751,9.992006394884093
2018-01-31,9.730253771666211,9.730422558504921,9.731239398724924,
2018-02-28,9.629965930168487,9.62974843055492,9.6270809439405,
2018-03-31,11.836735430932363,11.836488256203546,11.84052757793765,
2018-04-30,11.43553242512373,11.43514718426601,11.435749359695915,
2018-05-31,10.332044923067757,10.332423716199454,10.333134766072494,
2018-06-30,9.429326954084654,9.429542458748234,9.427751916114168,
2018-07-31,9.93093682948378,9.930563012276746,9.931677299669698,
2018-08-31,7.322830260381858,7.322868977545237,7.325232251173851,
2018-09-30,7.523399562898159,7.523581135091926,7.527890730893547,7.194244604316546
2018-10-31,8.626765254463097,8.62674099131291,8.626726937034444,
2018-11-30,10.23181454836131,10.231564748201437,10.232354656815088,
2018-12-31,13.542107490478205,13.542198499265103,13.544427615802094,
2019-01-31,12.338334460636618,12.338287264924901,12.336439573173676,
2019-02-28,15.24731135337129,15.247801758593125,15.251798561151078,
2019-03-31,12.137759671780648,12.137413356985645,12.13680218615805,11.590727418065548
2019-04-30,11.134677163929235,11.134921849754239,11.132993046903259,8.393285371702637
2019-05-31,9.228691812904817,9.228450572875033,9.229188078108942,
2019-06-30,9.930947749943368,9.930778781230334,9.933516601353064,8.792965627498003
2019-07-31,7.423115561604771,7.423394617639222,7.425877479834314,
2019-08-31,6.419995582481383,6.420318290821888,6.4223621103117505,
2019-09-30,8.325912559854396,8.325894029302106,8.324374982772403,
2019-10-31,9.12834949431759,9.128016735547732,9.13047339905853,
2019-11-30,8.72719300287925,8.727048212176529,8.725452070775813,
2019-12-31,12.438647213070665,12.43871145122119,12.442220136933932,
2020-01-31,11.937095274920129,11.93740659646196,11.936879068174031,
2020-02-29,10.432355869690214,10.432542854605204,10.43407698083957,
2020-03-31,10.031181853384147,10.030901453333977,10.03023668022104,11.590727418065548
2020-04-30,15.347721822541967,15.347721822541967,15.349364344141128,11.191047162270184
2020-05-31,9.32902093310942,9.329203304023448,9.3291220681991,7.9936051159072745
2020-06-30,6.419916698220371,6.419729081599585,6.422887167972628,7.194244604316546
2020-07-31,6.419918413095611,6.420169986459812,6.424057834024751,6.394884092725819
2020-08-31,6.119052126719677,6.119104716227018,6.116115510952583,
2020-09-30,10.63298121833112,10.633385183744897,10.632670334320776,
2020-10-31,6.821249587156622,6.8214041905162,6.82103323963346,
2020-11-30,8.32581934452438,8.325547354324334,8.329699876462467,
2020-12-31,9.128320612208295,9.128389596015495,9.125257933188333,
2021-01-31,10.332170231117559,10.331734612310152,10.328101155439285,
2021-02-28,10.733328231032194,11.134425792699174,10.73541167066347,
2021-03-31,8.125264494286924,8.125374700239808,8.123935634101416,9.992006394884093
2021-04-30,8.927668675870116,8.927692283259486,8.930517923323679,
2021-05-31,6.419943410351085,6.420169986459812,6.417315127489846,
2021-06-30,6.319650162223163,6.319548677604679,6.3183495756586225,
2021-07-31,3.811898934460679,3.8114962575394236,3.810904764560445,
2021-08-31,5.717772720599031,5.717985611510791,5.721738398754681,
2021-09-30,6.72094677199417,6.72066120688355,6.72373493610175,
2021-10-31,6.821191840093609,6.821549130122654,6.820772889884815,
2021-11-30,7.322799987857816,7.3229221500848105,7.323372071573511,
2021-12-31,8.526421369716218,8.526688582908509,8.526512123634424,
2022-01-31,9.83051833465842,9.830524841871469,9.83049177096679,
2022-02-28,8.526564575111564,8.52677857713829,8.522678260269483,
2022-03-31,7.322780519040265,7.3226034556969815,7.320705935251799,
2022-04-30,9.228628177790178,9.228507604875006,9.225952571276313,
2022-05-31,8.225548940901188,8.225266920221785,8.228531678474015,
2022-06-30,6.7208987911711455,6.720710388211169,6.725054738817643,
2022-07-31,4.21304899814164,4.212749203622177,4.209398438695852,
2022-08-31,4.3133913921494385,4.312967536418626,4.316546762589929,
2022-09-30,5.617505995203837,5.617324322360294,5.620503597122302,
2022-10-31,5.4168878637547975,5.416735314038846,5.414302098693716,
2022-11-30,8.62681582482705,8.626513423407616,8.625752459257084,
2022-12-31,9.629893996030331,9.63028138640167,9.632630030429437,9.59232613908873
2023-01-31,10.231868124803107,10.231814548361312,10.227638784494792,
2023-02-28,9.328925000161597,9.329310744952425,9.327602852782709,8.69304556354916
2023-03-31,9.73021582733813,9.730593903255773,9.729716227018386,9.992006394884093
2023-04-30,9.730345220226697,9.73053618174163,9.732954377238949,7.194244604316546
2023-05-31,7.222513128737516,7.222878413686961,7.224728691622973,6.794564348521183
2023-06-30,6.720861842635983,6.720939038243089,6.720430107526882,6.594724220623501
2023-07-31,4.514003476118188,6.1189448441247,6.115107913669064,4.796163069544365
2023-08-31,4.714657277199389,4.714799588900308,4.715690534820466,
2023-09-30,6.118938714842822,6.118797269876406,6.119242537004879,
2023-10-31,7.322713257965057,7.322323959014607,7.3223863657165875,
2023-11-30,5.115907274180656,5.116245986261838,5.112189318312792,6.394884092725819
2023-12-31,7.824411397399652,7.824774663028198,7.820214416701932,
2024-01-31,10.332202465452388,10.331880481016647,10.331734612310154,
2024-02-29,11.836876652524134,11.836780575539569,11.837987237328782,
2024-03-31,10.231758882587524,10.231549859450189,10.22931654676259,9.992006394884093
2024-04-30,10.13154182536324,10.131463174783914,10.127897681854517,8.393285371702637
2024-05-31,7.021779836404849,7.02177983640485,7.024110441376629,6.394884092725819
2024-06-30,6.0186277207742,6.019184652278177,6.016425797415166,5.595523581135092
2024-07-31,4.814985221125426,4.814677669629003,4.818367528199661,
2024-08-31,5.818152495547422,5.818503092263032,5.817568167688072,4.396482813749001
2024-09-30,6.118948852060413,6.118660627053912,6.115970532926178,5.1958433253397285
2024-10-31,5.416834045453992,5.416777688959943,5.418450050086513,
2024-11-30,7.623644674004386,7.624054602471868,7.624089407719107,9.59232613908873
2024-12-31,10.63306111867263,10.633160138555821,10.635647326294807,
2025-01-31,9.930918901242643,9.930974139607233,9.933719690913936,9.192645883293366
2025-02-28,10.031249611709598,10.030922630316798,10.03197442046363,11.191047162270184
2025-03-31,10.131405744969243,10.131105641802348,10.130357252659412,
2025-04-30,8.32583932853717,8.325888308960675,8.328312719282703,7.593924860111911
2025-05-31,8.626840858601462,8.626876276756372,8.625099920063949,7.593924860111911
2025-06-30,8.02496031343939,8.024884440273867,8.024349750968456,6.394884092725819
2025-07-31,4.714586102379093,4.714799588900308,4.713470602828083,4.796163069544365
2025-08-31,3.2100364724297736,3.210159145410944,3.2091973480039493,
2025-09-30,6.1190794998070945,6.119172458643255,6.118634504161377,
2025-10-31,7.523372606262816,7.523099167724644,7.524181996684531,6.794564348521183
2025-11-30,8.827414812336178,8.827604583000266,8.824715928192026,8.792965627498003
2025-12-31,8.426103154173909,8.42641676132778,8.424188484264135,
2026-01-31,7.423090099349092,7.423228084199307,7.4245239569933466,7.9936051159072745
2026-02-28,6.821191398529528,6.820872415991257,6.821910892338761,7.593924860111911
2026-03-31,7.021756896159051,7.02167995333463,7.020082258215774,5.995203836930456
