Data,TDS_mgL,carga_lb_dia,vazao_mgd_TDS,vazao_mgd_chloride,t_anos,tds_previsto_vazao_chloride,tds_previsto_vazao_tds
2011-02-28,600,73151,14.618505195843325,14.618305355715428,0.0,600.0082023239918,600.0
2011-03-31,616,88433,17.213437042573734,17.21361372440509,0.08487337440109514,615.9936773294755,616.0
2011-04-30,592,78252,15.849212521874394,15.84942572257983,0.16700889801505817,591.9920366314951,591.9999999999999
2011-05-31,484,46970,11.636145628951384,11.636195630651445,0.2518822724161533,483.9979202117602,484.0
2011-06-30,580,64535,13.341395848838172,13.341868877779133,0.33401779603011633,579.979436405179,580.0
2011-07-31,564,51431,10.934018742452846,10.934153440606297,0.4188911704312115,563.9930520676376,564.0
2011-08-31,528,52124,11.836894121066784,11.836402437682882,0.5037645448323066,528.0219330855018,527.9999999999999
2011-09-30,582,55507,11.43559379300683,11.435729465208322,0.5859000684462696,581.993095217799,582.0000000000001
2011-10-31,446,52237,14.043563355593552,14.043281503829194,0.6707734428473648,446.0089513185981,446.0
2011-11-30,584,75240,15.447915640090669,15.447825226057686,0.7529089664613279,584.0034180730614,584.0
2011-12-31,614,81160,15.849209882908005,15.848960176121398,0.837782340862423,614.0096738186779,614.0000000000001
2012-01-31,580,68902,14.244190854213182,14.244604316546765,0.9226557152635181,579.9831649831649,580.0
2012-02-29,598,79546,15.949648308109364,15.949383350462488,1.002053388090349,598.0099342193583,598.0000000000001
2012-03-31,620,74173,14.34458884505299,14.344803227185697,1.0869267624914443,619.990734141126,620.0
2012-04-30,602,72020,14.344670443047557,14.344554890438795,1.1690622861054072,602.0048494129658,601.9999999999999
2012-05-31,608,69685,13.742624321595354,13.742438884713126,1.2539356605065024,608.0082041932543,608.0000000000001
2012-06-30,686,65425,11.435458047556123,11.43529620747846,1.3360711841204653,686.0097087378642,686.0000000000001
2012-07-31,512,42834,10.031193794964029,10.030725419664268,1.4209445585215605,512.0239073589839,512.0
2012-08-31,646,54044,10.031108240342707,10.031086242117416,1.5058179329226558,646.0014166814238,646.0000000000002
2012-09-30,634,49328,9.329066715082194,9.328707246968383,1.5879534565366187,634.0244302643573,634.0
2012-10-31,676,52030,9.22871170519206,9.228837402518929,1.672826830937714,675.9907928388748,676.0
2012-11-30,618,60491,11.736436093843372,11.73644417799094,1.754962354551677,617.9995743171337,618.0000000000001
2012-12-31,628,79858,15.247292611770458,15.247801758593129,1.839835728952772,627.9790301441676,627.9999999999999
2013-01-31,614,68318,13.3413790140526,13.34106268704045,1.9247091033538672,614.0145584193716,614.0
2013-02-28,680,71680,12.639300324446326,12.639203705528727,2.001368925393566,680.0051981806369,679.9999999999999
2013-03-31,580,60654,12.539072190523443,12.53900988798003,2.086242299794661,580.0028818443803,580.0
2013-04-30,616,64418,12.538929895045005,12.538658728189862,2.1683778234086244,616.0133219019983,615.9999999999999
2013-05-31,692,62524,10.833645222550285,10.833333333333332,2.2532511978097194,692.0199225235197,692.0
2013-06-30,722,68859,11.435560692720063,11.43546701100658,2.3353867214236823,722.005914773491,722.0
2013-07-31,720,50598,8.426258992805755,8.426502041609956,2.4202600958247777,719.9792327660801,720.0000000000001
2013-08-31,706,44298,7.523386390038111,7.523072451130006,2.5051334702258727,706.0294614827336,706.0000000000001
2013-09-30,716,46722,7.824243398577228,7.8245096230707745,2.5872689938398357,715.9756385068762,716.0
2013-10-31,702,55206,9.429379573264464,9.429542458748234,2.6721423682409307,701.9878736842105,702.0
2013-11-30,718,55262,9.22860597316019,9.228590282136706,2.754277891854894,718.0012207882805,718.0
2013-12-31,688,75977,13.24120935809492,13.241512053515082,2.839151266255989,687.9842726081258,688.0
2014-01-31,696,62886,10.833746795666912,10.833333333333334,2.924024640657084,696.0265633646928,696.0000000000002
2014-02-28,676,63341,11.234976515828755,11.234933621730066,3.0006844626967832,676.0025809151787,676.0000000000001
2014-03-31,588,72804,14.846082317819214,14.846043165467623,3.0855578370978782,588.001550688118,588.0
2014-04-30,742,74491,12.03743204896999,12.037293242329214,3.167693360711841,742.0085562863163,741.9999999999999
2014-05-31,748,54443,8.727189371497454,8.727072396137144,3.252566735112936,748.010025993316,748.0
2014-06-30,792,52344,7.924569435360802,7.924311438423226,3.3347022587268995,792.0257856567284,792.0000000000001
2014-07-31,750,45176,7.222382094324541,7.222146810853203,3.4195756331279945,750.0244335386866,750.0
2014-08-31,752,47813,7.623635134445634,7.623774398202957,3.5044490075290895,751.9862631893291,752.0000000000001
2014-09-30,734,55880,9.128392109200924,9.128252953193002,3.586584531143053,734.0111894916079,733.9999999999999
2014-10-31,804,58518,8.727048212176529,8.727418065547562,3.671457905544148,803.9659278256091,803.9999999999998
2014-11-30,692,70050,12.137688692976257,12.137672412405646,3.753593429158111,692.0009281973082,691.9999999999999
2014-12-31,770,74725,11.636145628951384,11.63600764957654,3.838466803559206,770.0091306332748,770.0
2015-01-31,686,64278,11.2349770329509,11.234696453363624,3.923340177960301,686.0171324252213,685.9999999999999
2015-02-28,772,74919,11.636131509300332,11.63607575478079,4.0,772.0036990554198,772.0
2015-03-31,724,81164,13.44184321051446,13.44183394543107,4.084873374401095,724.0004990331232,724.0000000000001
2015-04-30,826,53900,7.824249075316018,7.82449040767386,4.167008898015058,825.9745235130736,825.9999999999999
2015-05-31,848,55336,7.824306592461879,7.824438123919469,4.251882272416153,847.9857448325018,848.0000000000001
2015-06-30,872,74411,10.23186038325303,10.231814548361312,4.334017796030117,872.0039062499999,872.0000000000001
2015-07-31,858,55271,7.724030565757184,7.7240026160889474,4.418891170431212,858.0031047135195,858.0000000000001
2015-08-31,850,68978,9.730286359147977,9.729993782751578,4.503764544832307,850.0255591054313,850.0
2015-09-30,820,61741,9.028045855998128,9.02833288924416,4.58590006844627,819.9739301524841,820.0
2015-10-31,772,83961,13.040500242293213,13.040678568256508,4.670773442847365,771.9894432147113,771.9999999999999
2015-11-30,868,72617,10.03119163655251,10.031484015241794,4.7529089664613275,867.9747011806115,868.0
2015-12-31,796,61266,9.228697444054806,9.228549363898711,4.837782340862423,796.0127725170668,796.0000000000001
2016-01-31,764,84369,13.241082526648835,13.241157074340526,4.922655715263518,763.9956986813063,764.0000000000002
2016-02-29,660,69020,12.53905966136182,12.538653287896,5.002053388090349,660.0213903743314,660.0
2016-03-31,722,59798,9.930781136863365,9.930552667692435,5.086926762491444,722.0166108319376,721.9999999999999
2016-04-30,836,60148,8.626782784298877,8.62659270174222,5.169062286105407,836.0184208322868,836.0
2016-05-31,800,44172,6.620503597122302,7.022056773186102,5.253935660506502,754.2523577881466,800.0
2016-06-30,842,57058,8.125281247685937,8.125351570595376,5.336071184120465,841.9927126981236,842.0
2016-07-31,790,44942,6.821175970615913,6.82089059291489,5.420944558521561,790.0330526315789,789.9999999999999
2016-08-31,772,48439,7.523359550701408,7.523249692928584,5.505817932922656,772.0112730806609,772.0
2016-09-30,786,55236,8.426236110348363,8.426054187705736,5.587953456536619,786.0169701255082,786.0000000000001
2016-10-31,778,55975,8.626774672806743,8.62667009249743,5.672826830937714,778.0094316207496,777.9999999999999
2016-11-30,778,74200,11.435581611831358,11.435851318944843,5.754962354551677,777.9816513761469,778.0
2016-12-31,806,79567,11.836734086676069,9.629842138559091,5.839835728952772,990.7127797723628,806.0
2017-01-31,756,85383,13.542023524037912,13.54245795909856,5.924709103353867,755.9757479102508,756.0
2017-02-28,738,70385,11.435566993559624,11.435679042972518,6.0013689253935665,737.9927689062971,738.0
2017-03-31,682,64473,11.335154750100212,11.335082877094552,6.0862422997946615,682.0043243962477,682.0
2017-04-30,628,46234,8.827460324733844,8.827266544972977,6.168377823408624,628.013786112519,628.0
2017-05-31,670,31950,5.717813808654569,5.717792629801484,6.253251197809719,670.002481697481,670.0
2017-06-30,658,37433,6.821229946134277,6.82120969890754,6.335386721423682,658.001953125,658.0
2017-07-31,590,29616,6.018778197780758,6.0188691152341285,6.420260095824777,589.9910878112713,590.0
2017-08-31,634,36598,6.921529022838512,6.921079677611294,6.505133470225872,634.0411619122053,634.0
2017-09-30,656,38965,7.122046265426683,7.122140125737248,6.587268993839836,655.9913547946765,656.0
2017-10-31,596,46371,9.32897976920477,9.328874928226432,6.672142368240931,596.0066980448951,596.0
2017-11-30,634,60466,11.435520353433343,11.492805755395684,6.754277891854894,630.8398539384455,633.9999999999999
2017-12-31,598,50529,10.131493467433412,10.13189448441247,6.839151266255989,597.9763313609468,598.0
2018-01-31,632,51287,9.730253771666211,9.73042255850492,6.924024640657084,631.9890371377581,632.0
2018-02-28,618,49634,9.629965930168488,9.62974843055492,7.000684462696783,618.0139582837655,617.9999999999999
2018-03-31,664,65549,11.836735430932364,11.836488256203546,7.085557837097878,664.013865938645,663.9999999999999
2018-04-30,658,62755,11.43553242512373,11.43514718426601,7.167693360711842,658.0221674876848,658.0000000000001
2018-05-31,644,55493,10.332044923067755,10.332423716199454,7.252566735112937,643.9763905562226,644.0000000000001
2018-06-30,818,64328,9.429326954084654,9.429542458748234,7.3347022587268995,817.981305263158,817.9999999999999
2018-07-31,608,50357,9.93093682948378,9.930563012276746,7.4195756331279945,608.0228870066679,608.0000000000001
2018-08-31,732,44705,7.322830260381858,7.322868977545237,7.5044490075290895,731.9961298005359,732.0
2018-09-30,722,45302,7.523399562898159,7.523581135091926,7.586584531143052,721.9825754356142,721.9999999999999
2018-10-31,720,51802,8.626765254463097,8.62674099131291,7.671457905544147,720.0020250368188,720.0
2018-11-30,732,62464,10.23181454836131,10.231564748201436,7.753593429158111,732.0178715300669,732.0
2018-12-31,544,61440,13.542107490478204,13.542198499265105,7.838466803559206,543.9963441105906,544.0000000000001
2019-01-31,702,72237,12.338334460636618,12.3382872649249,7.923340177960301,702.0026852503039,702.0
2019-02-28,652,82910,15.24731135337129,15.247801758593123,8.0,651.9790301441678,652.0
2019-03-31,664,67216,12.137759671780648,12.137413356985643,8.084873374401095,664.0189458014751,664.0
2019-04-30,636,59061,11.134677163929236,11.13492184975424,8.167008898015059,635.9860241331907,635.9999999999999
2019-05-31,642,49413,9.228691812904817,9.228450572875031,8.251882272416154,642.0167824596231,642.0
2019-06-30,614,50854,9.930947749943368,9.930778781230334,8.334017796030116,614.0104469943484,614.0
2019-07-31,592,36650,7.423115561604771,7.423394617639222,8.41889117043121,591.9777458722183,592.0
2019-08-31,608,32554,6.419995582481383,6.420318290821888,8.503764544832306,607.9694397283531,608.0
2019-09-30,614,42635,8.325912559854396,8.325894029302106,8.58590006844627,614.0013665510354,614.0
2019-10-31,644,49028,9.12834949431759,9.128016735547732,8.670773442847365,644.023476802683,643.9999999999999
2019-11-30,618,44981,8.72719300287925,8.727048212176529,8.752908966461328,618.0102532554084,618.0
2019-12-31,642,66600,12.438647213070665,12.43871145122119,8.837782340862423,641.9966844722784,642.0
2020-01-31,614,61127,11.937095274920129,11.93740659646196,8.922655715263518,613.9839871897518,614.0
2020-02-29,684,59512,10.432355869690214,10.432542854605204,9.00205338809035,683.9877405074069,683.9999999999999
2020-03-31,706,59064,10.031181853384147,10.030901453333977,9.086926762491444,706.0197352587244,706.0
2020-04-30,698,89344,15.347721822541969,15.347721822541969,9.169062286105408,697.9999999999999,697.9999999999999
2020-05-31,694,53996,9.32902093310942,9.329203304023448,9.253935660506503,693.9864334166369,693.9999999999999
2020-06-30,760,40692,6.419916698220371,6.419729081599585,9.336071184120465,760.0222110045431,760.0
2020-07-31,736,39407,6.419918413095611,6.420169986459812,9.42094455852156,735.9711599542625,735.9999999999999
2020-08-31,760,38785,6.119052126719677,6.119104716227018,9.505817932922655,759.9934683213586,759.9999999999999
2020-09-30,726,64381,10.63298121833112,10.633385183744895,9.587953456536619,725.9724190476192,726.0000000000001
2020-10-31,668,38002,6.821249587156622,6.8214041905162,9.672826830937714,667.9848601488325,668.0
2020-11-30,750,52078,8.32581934452438,8.325547354324334,9.754962354551678,750.0245020106611,750.0000000000001
2020-12-31,722,54966,9.128320612208295,9.128389596015497,9.839835728952773,721.9945438011517,722.0
2021-01-31,734,63249,10.33217023111756,10.331734612310152,9.924709103353868,734.0309477756285,733.9999999999998
2021-02-28,752,67316,10.733328231032194,11.134425792699174,10.001368925393566,724.9105593778044,752.0000000000001
2021-03-31,612,41472,8.125264494286924,8.125374700239808,10.08624229979466,611.991699331335,612.0
2021-04-30,740,55098,8.927668675870116,8.927692283259486,10.168377823408624,739.9980432268967,740.0
2021-05-31,756,40478,6.419943410351085,6.420169986459812,10.25325119780972,755.9733197814762,756.0
2021-06-30,748,39424,6.319650162223163,6.319548677604679,10.335386721423683,748.012012012012,747.9999999999999
2021-07-31,776,24670,3.811898934460679,3.811496257539424,10.420260095824778,776.0819828408006,776.0
2021-08-31,784,37386,5.717772720599031,5.717985611510791,10.505133470225873,783.9708102667338,784.0
2021-09-30,816,45739,6.72094677199417,6.72066120688355,10.587268993839835,816.0346723518851,816.0
2021-10-31,746,42439,6.821191840093609,6.821549130122654,10.67214236824093,745.9609270040304,746.0
2021-11-30,790,48247,7.322799987857816,7.32292215008481,10.754277891854894,789.986821086262,789.9999999999999
2021-12-31,734,52195,8.526421369716218,8.526688582908509,10.839151266255989,733.9769975786924,734.0
2022-01-31,742,60834,9.83051833465842,9.830524841871467,10.924024640657084,741.9995088408646,741.9999999999999
2022-02-28,762,54187,8.526564575111564,8.52677857713829,11.000684462696784,761.9808755976376,762.0
2022-03-31,764,46659,7.322780519040265,7.322603455696981,11.085557837097879,764.0184738112732,764.0
2022-04-30,722,55570,9.228628177790178,9.228507604875006,11.16769336071184,722.0094331227194,722.0000000000001
2022-05-31,742,50902,8.225548940901188,8.225266920221785,11.252566735112936,742.0254410399258,742.0
2022-06-30,784,43945,6.7208987911711455,6.720710388211169,11.3347022587269,784.0219780219782,784.0
2022-07-31,782,27477,4.21304899814164,4.212749203622177,11.419575633127995,782.055649957519,782.0
2022-08-31,836,30074,4.313391392149439,4.312967536418626,11.50444900752909,836.0821576763485,835.9999999999999
2022-09-30,760,35606,5.617505995203837,5.617324322360294,11.586584531143053,760.0245795601552,760.0
2022-10-31,786,35509,5.4168878637547975,5.416735314038846,11.671457905544148,786.0221358567084,786.0
2022-11-30,764,54968,8.62681582482705,8.626513423407616,11.75359342915811,764.026781930672,764.0
2022-12-31,766,61520,9.629893996030331,9.63028138640167,11.838466803559205,765.9691866714439,766.0
2023-01-31,746,63659,10.231868124803109,10.231814548361312,11.9233401779603,746.0039062499999,745.9999999999999
2023-02-28,742,57730,9.328925000161597,9.329310744952425,12.0,741.9693200663351,741.9999999999999
2023-03-31,680,55182,9.73021582733813,9.730593903255771,12.084873374401095,679.9735790408528,680.0
2023-04-30,556,45120,9.730345220226695,9.73053618174163,12.167008898015059,555.9890885147211,556.0
2023-05-31,632,38069,7.222513128737516,7.222878413686961,12.251882272416154,631.9680376610506,632.0
2023-06-30,654,36658,6.720861842635983,6.720939038243089,12.334017796030116,653.9924882629109,654.0
2023-07-31,654,24621,4.514003476118188,6.1189448441247,12.41889117043121,482.4619846370905,654.0
2023-08-31,662,26030,4.714657277199389,4.714799588900308,12.503764544832306,661.9800181653043,662.0
2023-09-30,626,31946,6.118938714842822,6.118797269876406,12.58590006844627,626.0144709074465,626.0
2023-10-31,630,38475,7.322713257965057,7.322323959014607,12.670773442847365,630.0334946036471,630.0
2023-11-30,660,28160,5.115907274180656,5.116245986261838,12.752908966461328,659.9563058589872,659.9999999999999
2023-12-31,626,40850,7.824411397399652,7.824774663028198,12.837782340862423,625.9709379128137,626.0
2024-01-31,598,51530,10.332202465452388,10.331880481016649,12.922655715263518,598.0186361711138,598.0
2024-02-29,624,61601,11.836876652524134,11.836780575539567,13.00205338809035,624.0050648939539,624.0
2024-03-31,718,61269,10.231758882587524,10.231549859450189,13.086926762491444,718.0146682188591,718.0
2024-04-30,680,57458,10.13154182536324,10.131463174783914,13.169062286105408,680.0052788420605,680.0
2024-05-31,730,42750,7.021779836404849,7.02177983640485,13.253935660506503,729.9999999999999,730.0
2024-06-30,732,36743,6.0186277207742,6.019184652278177,13.336071184120465,731.9322709163347,732.0000000000001
2024-07-31,688,27628,4.814985221125426,4.814677669629003,13.42094455852156,688.0439479948727,688.0
2024-08-31,684,33190,5.818152495547422,5.818503092263032,13.505817932922655,683.9587852494577,684.0
2024-09-30,718,36641,6.118948852060413,6.118660627053912,13.587953456536619,718.0338220351285,718.0
2024-10-31,788,35599,5.416834045453992,5.416777688959943,13.672826830937714,788.0081984013118,787.9999999999999
2024-11-30,702,44634,7.623644674004386,7.624054602471868,13.754962354551678,701.9622550205663,702.0
2024-12-31,740,65623,10.63306111867263,10.63316013855582,13.839835728952773,739.9931088488647,739.9999999999999
2025-01-31,704,58308,9.930918901242643,9.930974139607232,13.924709103353868,703.9960841899169,704.0
2025-02-28,772,64586,10.031249611709598,10.030922630316798,14.001368925393566,772.0251651462725,772.0
2025-03-31,736,62189,10.131405744969245,10.131105641802348,14.08624229979466,736.0218017597135,735.9999999999998
2025-04-30,752,52217,8.32583932853717,8.325888308960675,14.168377823408624,751.9955760542169,752.0000000000001
2025-05-31,652,46910,8.626840858601462,8.626876276756372,14.25325119780972,651.9973231751262,652.0000000000001
2025-06-30,710,47519,8.02496031343939,8.024884440273867,14.335386721423683,710.0067128627112,709.9999999999999
2025-07-31,682,26816,4.714586102379093,4.714799588900308,14.420260095824778,681.969118982743,682.0000000000001
2025-08-31,622,16652,3.2100364724297736,3.210159145410944,14.505133470225873,621.9762308998302,621.9999999999999
2025-09-30,634,32355,6.119079499807095,6.119172458643255,14.587268993839835,633.9903686482896,633.9999999999999
2025-10-31,690,43294,7.523372606262816,7.523099167724644,14.67214236824093,690.0250791046525,690.0
2025-11-30,688,50651,8.827414812336178,8.827604583000266,14.754277891854894,687.985209779656,688.0
2025-12-31,654,45959,8.426103154173909,8.42641676132778,14.839151266255989,653.9756599887663,654.0
2026-01-31,700,43336,7.423090099349092,7.423228084199307,14.924024640657084,699.9869882220976,700.0
2026-02-28,728,41415,6.821191398529528,6.820872415991257,15.000684462696784,728.0340453938586,728.0
2026-03-31,716,41930,7.021756896159051,7.02167995333463,15.085557837097879,716.0078458520826,715.9999999999999
