Data,pdsi
1895-01-31,2.23
1895-02-28,1.72
1895-03-31,1.35
1895-04-30,1.03
1895-05-31,1.41
1895-06-30,1.36
1895-07-31,1.23
1895-08-31,1.1
1895-09-30,1.56
1895-10-31,-0.5
1895-11-30,-0.85
1895-12-31,-1.22
1896-01-31,1.25
1896-02-29,-1.0
1896-03-31,0.29
1896-04-30,1.75
1896-05-31,2.52
1896-06-30,2.93
1896-07-31,2.89
1896-08-31,2.99
1896-09-30,2.77
1896-10-31,2.62
1896-11-30,3.0
1896-12-31,2.7
1897-01-31,2.29
1897-02-28,3.0
1897-03-31,3.48
1897-04-30,-0.59
1897-05-31,-1.0
1897-06-30,-1.18
1897-07-31,-1.35
1897-08-31,-1.3
1897-09-30,-1.2
1897-10-31,-0.53
1897-11-30,-0.79
1897-12-31,-1.21
1898-01-31,-2.13
1898-02-28,-2.33
1898-03-31,-2.89
1898-04-30,-3.28
1898-05-31,-2.41
1898-06-30,-2.0
1898-07-31,-1.81
1898-08-31,-1.72
1898-09-30,-1.34
1898-10-31,-1.53
1898-11-30,-1.87
1898-12-31,-2.56
1899-01-31,-2.35
1899-02-28,-3.08
1899-03-31,0.99
1899-04-30,0.39
1899-05-31,0.6
1899-06-30,0.86
1899-07-31,0.85
1899-08-31,0.82
1899-09-30,0.42
1899-10-31,1.91
1899-11-30,2.44
1899-12-31,2.3
1900-01-31,-0.28
1900-02-28,-0.98
1900-03-31,-1.39
1900-04-30,0.34
1900-05-31,0.9
1900-06-30,1.33
1900-07-31,1.4
1900-08-31,1.15
1900-09-30,0.97
1900-10-31,1.74
1900-11-30,2.39
1900-12-31,1.55
1901-01-31,1.99
1901-02-28,2.47
1901-03-31,1.38
1901-04-30,1.65
1901-05-31,1.83
1901-06-30,1.91
1901-07-31,1.82
1901-08-31,1.72
1901-09-30,2.28
1901-10-31,2.14
1901-11-30,-0.14
1901-12-31,-0.92
1902-01-31,-2.02
1902-02-28,1.18
1902-03-31,1.23
1902-04-30,1.4
1902-05-31,1.53
1902-06-30,1.71
1902-07-31,1.67
1902-08-31,1.49
1902-09-30,0.96
1902-10-31,1.23
1902-11-30,1.68
1902-12-31,1.41
1903-01-31,1.73
1903-02-28,1.14
1903-03-31,2.01
1903-04-30,-0.19
1903-05-31,-0.45
1903-06-30,-0.53
1903-07-31,-0.7
1903-08-31,-0.76
1903-09-30,-0.84
1903-10-31,-1.28
1903-11-30,0.88
1903-12-31,-0.68
1904-01-31,-1.36
1904-02-29,1.5
1904-03-31,2.98
1904-04-30,2.98
1904-05-31,2.4
1904-06-30,2.01
1904-07-31,1.72
1904-08-31,1.76
1904-09-30,2.59
1904-10-31,3.03
1904-11-30,2.11
1904-12-31,1.62
1905-01-31,1.21
1905-02-28,1.17
1905-03-31,1.91
1905-04-30,1.35
1905-05-31,2.09
1905-06-30,2.26
1905-07-31,2.34
1905-08-31,-0.05
1905-09-30,-0.18
1905-10-31,-0.79
1905-11-30,-0.89
1905-12-31,-1.6
1906-01-31,0.69
1906-02-28,0.78
1906-03-31,2.71
1906-04-30,2.53
1906-05-31,3.78
1906-06-30,4.51
1906-07-31,5.77
1906-08-31,5.4
1906-09-30,4.7
1906-10-31,3.47
1906-11-30,2.81
1906-12-31,3.69
1907-01-31,4.53
1907-02-28,4.05
1907-03-31,6.1
1907-04-30,5.15
1907-05-31,4.65
1907-06-30,4.68
1907-07-31,4.59
1907-08-31,4.27
1907-09-30,-0.18
1907-10-31,0.27
1907-11-30,-0.94
1907-12-31,-0.66
1908-01-31,-0.7
1908-02-29,-0.41
1908-03-31,-1.2
1908-04-30,-1.64
1908-05-31,0.49
1908-06-30,0.61
1908-07-31,0.92
1908-08-31,0.88
1908-09-30,1.11
1908-10-31,1.14
1908-11-30,-0.43
1908-12-31,-1.06
1909-01-31,2.79
1909-02-28,3.59
1909-03-31,0.03
1909-04-30,-0.78
1909-05-31,-1.14
1909-06-30,-1.41
1909-07-31,-1.53
1909-08-31,0.31
1909-09-30,0.43
1909-10-31,0.54
1909-11-30,1.13
1909-12-31,1.79
1910-01-31,1.84
1910-02-28,-0.39
1910-03-31,-0.74
1910-04-30,-1.34
1910-05-31,-1.83
1910-06-30,-2.34
1910-07-31,-2.44
1910-08-31,-2.54
1910-09-30,-2.1
1910-10-31,-2.19
1910-11-30,-2.17
1910-12-31,-2.74
1911-01-31,2.04
1911-02-28,1.83
1911-03-31,2.43
1911-04-30,2.26
1911-05-31,2.09
1911-06-30,2.21
1911-07-31,2.4
1911-08-31,-0.18
1911-09-30,-0.06
1911-10-31,-0.42
1911-11-30,-1.12
1911-12-31,-1.74
1912-01-31,-2.39
1912-02-29,-3.37
1912-03-31,0.57
1912-04-30,1.27
1912-05-31,1.77
1912-06-30,2.31
1912-07-31,2.61
1912-08-31,2.58
1912-09-30,3.06
1912-10-31,0.03
1912-11-30,-0.15
1912-12-31,-0.96
1913-01-31,-0.96
1913-02-28,-1.39
1913-03-31,-1.76
1913-04-30,-1.71
1913-05-31,0.23
1913-06-30,0.81
1913-07-31,1.74
1913-08-31,2.28
1913-09-30,1.8
1913-10-31,0.88
1913-11-30,1.35
1913-12-31,1.89
1914-01-31,4.34
1914-02-28,4.16
1914-03-31,-1.06
1914-04-30,-0.82
1914-05-31,-0.83
1914-06-30,-0.46
1914-07-31,-0.21
1914-08-31,-0.35
1914-09-30,-0.37
1914-10-31,-0.22
1914-11-30,-1.08
1914-12-31,0.05
1915-01-31,0.74
1915-02-28,2.27
1915-03-31,1.47
1915-04-30,1.34
1915-05-31,2.79
1915-06-30,3.12
1915-07-31,3.74
1915-08-31,3.62
1915-09-30,2.97
1915-10-31,1.94
1915-11-30,1.36
1915-12-31,1.37
1916-01-31,3.93
1916-02-29,-0.25
1916-03-31,-0.55
1916-04-30,-1.1
1916-05-31,-1.09
1916-06-30,-1.08
1916-07-31,0.16
1916-08-31,0.36
1916-09-30,0.45
1916-10-31,0.8
1916-11-30,-0.42
1916-12-31,-0.19
1917-01-31,-0.58
1917-02-28,-0.04
1917-03-31,-0.55
1917-04-30,0.04
1917-05-31,0.31
1917-06-30,0.68
1917-07-31,0.79
1917-08-31,-0.13
1917-09-30,-0.39
1917-10-31,-1.26
1917-11-30,-1.65
1917-12-31,-2.57
1918-01-31,-3.78
1918-02-28,-3.26
1918-03-31,-2.01
1918-04-30,-2.31
1918-05-31,-2.29
1918-06-30,-2.33
1918-07-31,-2.55
1918-08-31,-2.35
1918-09-30,-0.96
1918-10-31,-1.07
1918-11-30,-0.98
1918-12-31,-1.43
1919-01-31,-2.0
1919-02-28,-0.96
1919-03-31,-0.74
1919-04-30,-1.07
1919-05-31,-1.28
1919-06-30,-1.67
1919-07-31,-1.79
1919-08-31,-1.92
1919-09-30,-1.12
1919-10-31,-1.3
1919-11-30,-1.86
1919-12-31,-1.93
1920-01-31,-3.09
1920-02-29,-3.52
1920-03-31,0.61
1920-04-30,0.82
1920-05-31,0.44
1920-06-30,0.66
1920-07-31,0.77
1920-08-31,1.08
1920-09-30,0.97
1920-10-31,1.58
1920-11-30,2.24
1920-12-31,2.57
1921-01-31,3.17
1921-02-28,-0.47
1921-03-31,-0.86
1921-04-30,-1.27
1921-05-31,0.72
1921-06-30,0.99
1921-07-31,0.97
1921-08-31,0.87
1921-09-30,0.81
1921-10-31,-0.29
1921-11-30,-0.81
1921-12-31,0.85
1922-01-31,0.62
1922-02-28,1.41
1922-03-31,1.39
1922-04-30,-0.36
1922-05-31,0.22
1922-06-30,0.32
1922-07-31,0.29
1922-08-31,0.33
1922-09-30,-0.4
1922-10-31,0.2
1922-11-30,0.27
1922-12-31,0.99
1923-01-31,-0.2
1923-02-28,-0.96
1923-03-31,-2.01
1923-04-30,0.93
1923-05-31,0.68
1923-06-30,1.03
1923-07-31,1.52
1923-08-31,1.56
1923-09-30,2.29
1923-10-31,-0.08
1923-11-30,-0.88
1923-12-31,-1.65
1924-01-31,-2.67
1924-02-29,-3.59
1924-03-31,-3.68
1924-04-30,-3.81
1924-05-31,-4.8
1924-06-30,-5.68
1924-07-31,-6.03
1924-08-31,-5.74
1924-09-30,-5.49
1924-10-31,1.19
1924-11-30,-0.11
1924-12-31,-0.03
1925-01-31,-0.91
1925-02-28,0.58
1925-03-31,0.18
1925-04-30,0.74
1925-05-31,1.31
1925-06-30,1.88
1925-07-31,2.2
1925-08-31,2.15
1925-09-30,2.3
1925-10-31,-0.03
1925-11-30,-0.37
1925-12-31,-1.16
1926-01-31,-1.64
1926-02-28,-1.25
1926-03-31,-2.44
1926-04-30,0.91
1926-05-31,-0.05
1926-06-30,-0.07
1926-07-31,-0.51
1926-08-31,-0.65
1926-09-30,-0.88
1926-10-31,-0.85
1926-11-30,1.59
1926-12-31,1.29
1927-01-31,1.06
1927-02-28,2.4
1927-03-31,1.9
1927-04-30,1.91
1927-05-31,1.73
1927-06-30,1.88
1927-07-31,1.92
1927-08-31,1.58
1927-09-30,1.24
1927-10-31,1.46
1927-11-30,1.64
1927-12-31,-0.22
1928-01-31,-1.03
1928-02-29,-1.4
1928-03-31,-0.78
1928-04-30,-0.76
1928-05-31,-0.86
1928-06-30,-1.0
1928-07-31,-1.19
1928-08-31,-1.42
1928-09-30,-1.64
1928-10-31,-1.93
1928-11-30,-1.68
1928-12-31,-1.66
1929-01-31,-2.31
1929-02-28,-2.61
1929-03-31,-2.83
1929-04-30,-2.3
1929-05-31,-2.46
1929-06-30,-1.67
1929-07-31,-1.28
1929-08-31,-1.13
1929-09-30,-1.16
1929-10-31,-1.8
1929-11-30,-2.75
1929-12-31,-2.49
1930-01-31,-2.06
1930-02-28,-2.1
1930-03-31,-2.1
1930-04-30,-2.04
1930-05-31,-1.38
1930-06-30,-0.96
1930-07-31,-0.88
1930-08-31,-0.93
1930-09-30,-0.58
1930-10-31,-0.99
1930-11-30,-1.18
1930-12-31,-2.22
1931-01-31,-2.51
1931-02-28,-2.88
1931-03-31,-3.41
1931-04-30,-3.43
1931-05-31,-3.38
1931-06-30,-3.22
1931-07-31,-3.31
1931-08-31,-2.89
1931-09-30,-2.78
1931-10-31,0.03
1931-11-30,0.12
1931-12-31,1.53
1932-01-31,-0.13
1932-02-29,-0.01
1932-03-31,-0.91
1932-04-30,-0.85
1932-05-31,-0.4
1932-06-30,-0.12
1932-07-31,-0.1
1932-08-31,-0.28
1932-09-30,-0.55
1932-10-31,-1.0
1932-11-30,-1.69
1932-12-31,-1.91
1933-01-31,-1.21
1933-02-28,-1.83
1933-03-31,-1.86
1933-04-30,-2.15
1933-05-31,0.74
1933-06-30,1.07
1933-07-31,1.29
1933-08-31,-0.25
1933-09-30,-0.52
1933-10-31,-0.55
1933-11-30,-1.61
1933-12-31,-1.01
1934-01-31,-1.73
1934-02-28,-1.84
1934-03-31,-2.91
1934-04-30,-3.41
1934-05-31,-3.61
1934-06-30,-3.59
1934-07-31,-3.61
1934-08-31,-3.39
1934-09-30,-3.19
1934-10-31,0.43
1934-11-30,0.78
1934-12-31,0.43
1935-01-31,0.78
1935-02-28,0.44
1935-03-31,0.66
1935-04-30,1.92
1935-05-31,-0.21
1935-06-30,-0.23
1935-07-31,-0.42
1935-08-31,-0.28
1935-09-30,-0.48
1935-10-31,-0.39
1935-11-30,-0.93
1935-12-31,-1.33
1936-01-31,0.04
1936-02-29,1.63
1936-03-31,-0.74
1936-04-30,-0.89
1936-05-31,-0.89
1936-06-30,-0.6
1936-07-31,-0.36
1936-08-31,-0.4
1936-09-30,-0.65
1936-10-31,-0.68
1936-11-30,-1.68
1936-12-31,0.17
1937-01-31,0.05
1937-02-28,1.1
1937-03-31,1.76
1937-04-30,-0.02
1937-05-31,-0.32
1937-06-30,0.27
1937-07-31,0.34
1937-08-31,-0.36
1937-09-30,-0.73
1937-10-31,-0.77
1937-11-30,0.5
1937-12-31,0.95
1938-01-31,0.83
1938-02-28,2.51
1938-03-31,4.45
1938-04-30,4.11
1938-05-31,-0.14
1938-06-30,0.1
1938-07-31,0.12
1938-08-31,-0.2
1938-09-30,-0.2
1938-10-31,0.22
1938-11-30,-0.51
1938-12-31,-0.97
1939-01-31,-1.43
1939-02-28,-1.82
1939-03-31,-1.83
1939-04-30,-2.37
1939-05-31,-2.15
1939-06-30,-2.32
1939-07-31,-2.36
1939-08-31,-2.34
1939-09-30,-1.44
1939-10-31,-1.44
1939-11-30,-2.27
1939-12-31,-2.53
1940-01-31,0.82
1940-02-29,2.21
1940-03-31,2.14
1940-04-30,-0.27
1940-05-31,-0.38
1940-06-30,-0.82
1940-07-31,-1.38
1940-08-31,-1.67
1940-09-30,0.22
1940-10-31,0.46
1940-11-30,-0.56
1940-12-31,1.46
1941-01-31,2.16
1941-02-28,3.05
1941-03-31,3.29
1941-04-30,4.13
1941-05-31,4.1
1941-06-30,4.15
1941-07-31,4.22
1941-08-31,4.2
1941-09-30,3.63
1941-10-31,3.56
1941-11-30,2.83
1941-12-31,3.91
1942-01-31,3.6
1942-02-28,3.37
1942-03-31,2.47
1942-04-30,3.22
1942-05-31,3.82
1942-06-30,4.04
1942-07-31,4.12
1942-08-31,3.73
1942-09-30,3.0
1942-10-31,2.19
1942-11-30,2.28
1942-12-31,1.99
1943-01-31,3.25
1943-02-28,2.52
1943-03-31,2.65
1943-04-30,2.52
1943-05-31,2.07
1943-06-30,2.13
1943-07-31,2.26
1943-08-31,-0.09
1943-09-30,-0.39
1943-10-31,-0.34
1943-11-30,-1.05
1943-12-31,-1.35
1944-01-31,-1.83
1944-02-29,0.55
1944-03-31,-0.52
1944-04-30,0.25
1944-05-31,0.3
1944-06-30,0.78
1944-07-31,1.32
1944-08-31,1.24
1944-09-30,0.8
1944-10-31,0.56
1944-11-30,1.54
1944-12-31,-0.29
1945-01-31,-1.12
1945-02-28,0.58
1945-03-31,1.03
1945-04-30,-0.51
1945-05-31,0.51
1945-06-30,0.73
1945-07-31,0.84
1945-08-31,1.04
1945-09-30,0.63
1945-10-31,1.56
1945-11-30,1.66
1945-12-31,2.63
1946-01-31,-0.68
1946-02-28,-0.96
1946-03-31,-0.96
1946-04-30,-1.6
1946-05-31,-1.71
1946-06-30,-2.02
1946-07-31,-1.84
1946-08-31,-1.85
1946-09-30,-1.87
1946-10-31,-1.67
1946-11-30,-0.66
1946-12-31,-0.86
1947-01-31,-1.7
1947-02-28,-2.16
1947-03-31,-2.07
1947-04-30,-2.38
1947-05-31,-2.54
1947-06-30,-2.41
1947-07-31,-2.39
1947-08-31,-2.14
1947-09-30,-2.29
1947-10-31,-1.11
1947-11-30,-1.6
1947-12-31,-2.32
1948-01-31,-3.17
1948-02-29,-3.65
1948-03-31,0.22
1948-04-30,1.64
1948-05-31,2.01
1948-06-30,2.66
1948-07-31,3.05
1948-08-31,2.85
1948-09-30,0.03
1948-10-31,-0.22
1948-11-30,-0.79
1948-12-31,-0.73
1949-01-31,-1.27
1949-02-28,-1.32
1949-03-31,0.69
1949-04-30,-0.85
1949-05-31,-0.55
1949-06-30,-0.8
1949-07-31,-1.09
1949-08-31,-1.15
1949-09-30,-1.41
1949-10-31,-1.78
1949-11-30,-2.17
1949-12-31,-2.67
1950-01-31,-2.06
1950-02-28,-2.08
1950-03-31,-1.94
1950-04-30,-1.99
1950-05-31,-1.85
1950-06-30,-1.67
1950-07-31,-1.4
1950-08-31,-1.51
1950-09-30,0.08
1950-10-31,1.35
1950-11-30,1.8
1950-12-31,1.75
1951-01-31,1.85
1951-02-28,-0.26
1951-03-31,-0.99
1951-04-30,-0.96
1951-05-31,-0.63
1951-06-30,-0.53
1951-07-31,-0.49
1951-08-31,-0.32
1951-09-30,-0.63
1951-10-31,0.41
1951-11-30,0.64
1951-12-31,1.88
1952-01-31,3.28
1952-02-29,2.71
1952-03-31,3.34
1952-04-30,2.9
1952-05-31,2.39
1952-06-30,2.37
1952-07-31,2.66
1952-08-31,2.23
1952-09-30,1.98
1952-10-31,0.89
1952-11-30,0.71
1952-12-31,1.85
1953-01-31,1.96
1953-02-28,-0.96
1953-03-31,-1.15
1953-04-30,0.34
1953-05-31,1.14
1953-06-30,1.95
1953-07-31,3.02
1953-08-31,2.95
1953-09-30,-0.41
1953-10-31,-0.63
1953-11-30,-0.53
1953-12-31,-1.43
1954-01-31,0.5
1954-02-28,0.24
1954-03-31,0.77
1954-04-30,-0.13
1954-05-31,-0.61
1954-06-30,-0.56
1954-07-31,-0.46
1954-08-31,-0.39
1954-09-30,-0.55
1954-10-31,-1.09
1954-11-30,-1.02
1954-12-31,-0.94
1955-01-31,-0.87
1955-02-28,-1.32
1955-03-31,-2.14
1955-04-30,0.54
1955-05-31,0.54
1955-06-30,0.65
1955-07-31,0.85
1955-08-31,1.09
1955-09-30,-0.07
1955-10-31,-0.67
1955-11-30,0.03
1955-12-31,2.4
1956-01-31,3.44
1956-02-29,0.04
1956-03-31,-1.12
1956-04-30,0.11
1956-05-31,0.59
1956-06-30,0.74
1956-07-31,0.86
1956-08-31,0.59
1956-09-30,0.33
1956-10-31,1.03
1956-11-30,-1.02
1956-12-31,-2.07
1957-01-31,-2.22
1957-02-28,-2.26
1957-03-31,-2.1
1957-04-30,0.03
1957-05-31,1.39
1957-06-30,2.0
1957-07-31,2.16
1957-08-31,1.88
1957-09-30,2.17
1957-10-31,3.0
1957-11-30,2.48
1957-12-31,2.27
1958-01-31,2.18
1958-02-28,3.55
1958-03-31,4.45
1958-04-30,5.17
1958-05-31,4.69
1958-06-30,4.73
1958-07-31,4.7
1958-08-31,4.5
1958-09-30,4.15
1958-10-31,-0.71
1958-11-30,-1.38
1958-12-31,-2.42
1959-01-31,-2.44
1959-02-28,-1.83
1959-03-31,-2.7
1959-04-30,-3.18
1959-05-31,-3.31
1959-06-30,-3.69
1959-07-31,-4.04
1959-08-31,-3.91
1959-09-30,-2.7
1959-10-31,-3.19
1959-11-30,-3.97
1959-12-31,-4.44
1960-01-31,-4.39
1960-02-29,-3.55
1960-03-31,-3.41
1960-04-30,-3.2
1960-05-31,-2.6
1960-06-30,-2.29
1960-07-31,-2.54
1960-08-31,-2.75
1960-09-30,-2.74
1960-10-31,-2.9
1960-11-30,-1.84
1960-12-31,-2.12
1961-01-31,-2.59
1961-02-28,-2.8
1961-03-31,-2.5
1961-04-30,-2.63
1961-05-31,-2.14
1961-06-30,-1.86
1961-07-31,-2.08
1961-08-31,-1.65
1961-09-30,-1.65
1961-10-31,-1.87
1961-11-30,-1.51
1961-12-31,-1.77
1962-01-31,-2.33
1962-02-28,1.49
1962-03-31,1.35
1962-04-30,-0.76
1962-05-31,-0.77
1962-06-30,-0.99
1962-07-31,-1.12
1962-08-31,-1.05
1962-09-30,-1.11
1962-10-31,1.68
1962-11-30,-0.45
1962-12-31,-1.03
1963-01-31,-1.42
1963-02-28,-1.4
1963-03-31,0.25
1963-04-30,1.77
1963-05-31,1.9
1963-06-30,2.17
1963-07-31,2.31
1963-08-31,2.37
1963-09-30,2.61
1963-10-31,2.75
1963-11-30,3.23
1963-12-31,-0.98
1964-01-31,-1.06
1964-02-29,-1.97
1964-03-31,-2.12
1964-04-30,-2.29
1964-05-31,0.27
1964-06-30,0.68
1964-07-31,1.03
1964-08-31,0.89
1964-09-30,0.53
1964-10-31,0.18
1964-11-30,0.78
1964-12-31,2.39
1965-01-31,2.29
1965-02-28,-0.89
1965-03-31,-1.45
1965-04-30,1.18
1965-05-31,0.78
1965-06-30,0.89
1965-07-31,1.26
1965-08-31,1.82
1965-09-30,-0.17
1965-10-31,-0.97
1965-11-30,1.36
1965-12-31,1.56
1966-01-31,-0.08
1966-02-28,-0.49
1966-03-31,-1.23
1966-04-30,-1.72
1966-05-31,-2.11
1966-06-30,-2.58
1966-07-31,-2.75
1966-08-31,-2.7
1966-09-30,-2.57
1966-10-31,-3.01
1966-11-30,0.79
1966-12-31,1.49
1967-01-31,2.34
1967-02-28,1.06
1967-03-31,1.45
1967-04-30,3.0
1967-05-31,2.65
1967-06-30,2.86
1967-07-31,3.08
1967-08-31,2.81
1967-09-30,2.62
1967-10-31,-0.41
1967-11-30,-0.53
1967-12-31,-0.78
1968-01-31,-0.87
1968-02-29,-1.13
1968-03-31,-1.36
1968-04-30,-1.77
1968-05-31,-1.73
1968-06-30,-1.82
1968-07-31,-1.77
1968-08-31,0.3
1968-09-30,-0.39
1968-10-31,0.1
1968-11-30,0.07
1968-12-31,0.59
1969-01-31,3.24
1969-02-28,4.36
1969-03-31,-0.63
1969-04-30,-0.49
1969-05-31,-0.74
1969-06-30,-0.48
1969-07-31,-0.2
1969-08-31,-0.42
1969-09-30,-0.62
1969-10-31,-0.39
1969-11-30,-0.95
1969-12-31,0.34
1970-01-31,1.81
1970-02-28,-0.49
1970-03-31,-0.72
1970-04-30,-0.96
1970-05-31,-1.26
1970-06-30,-1.21
1970-07-31,-1.31
1970-08-31,-1.39
1970-09-30,-1.67
1970-10-31,-1.62
1970-11-30,1.5
1970-12-31,2.27
1971-01-31,-0.37
1971-02-28,-1.22
1971-03-31,-0.98
1971-04-30,-1.02
1971-05-31,0.69
1971-06-30,1.28
1971-07-31,1.74
1971-08-31,1.71
1971-09-30,1.66
1971-10-31,-0.33
1971-11-30,-0.45
1971-12-31,0.49
1972-01-31,-0.59
1972-02-29,-1.05
1972-03-31,-1.98
1972-04-30,-1.9
1972-05-31,-1.95
1972-06-30,-1.97
1972-07-31,-2.18
1972-08-31,-2.19
1972-09-30,0.33
1972-10-31,0.72
1972-11-30,1.33
1972-12-31,1.09
1973-01-31,1.95
1973-02-28,2.43
1973-03-31,2.44
1973-04-30,-0.61
1973-05-31,-0.98
1973-06-30,-1.61
1973-07-31,-2.12
1973-08-31,-2.17
1973-09-30,0.09
1973-10-31,0.51
1973-11-30,2.06
1973-12-31,2.14
1974-01-31,2.8
1974-02-28,1.96
1974-03-31,2.71
1974-04-30,2.55
1974-05-31,-0.35
1974-06-30,-0.42
1974-07-31,-0.43
1974-08-31,-0.48
1974-09-30,-0.94
1974-10-31,-0.7
1974-11-30,-1.31
1974-12-31,-1.4
1975-01-31,-2.32
1975-02-28,0.46
1975-03-31,1.64
1975-04-30,1.94
1975-05-31,1.46
1975-06-30,1.34
1975-07-31,1.22
1975-08-31,1.25
1975-09-30,0.99
1975-10-31,1.82
1975-11-30,-0.49
1975-12-31,-1.51
1976-01-31,-3.04
1976-02-29,-3.14
1976-03-31,-3.58
1976-04-30,-3.18
1976-05-31,-3.6
1976-06-30,-3.97
1976-07-31,-3.9
1976-08-31,-3.19
1976-09-30,-1.95
1976-10-31,-2.26
1976-11-30,-2.89
1976-12-31,-3.87
1977-01-31,-4.64
1977-02-28,-5.54
1977-03-31,-5.68
1977-04-30,-6.02
1977-05-31,-5.19
1977-06-30,-5.94
1977-07-31,-6.29
1977-08-31,0.34
1977-09-30,0.72
1977-10-31,-0.55
1977-11-30,-0.77
1977-12-31,0.59
1978-01-31,2.07
1978-02-28,2.66
1978-03-31,3.35
1978-04-30,4.0
1978-05-31,3.4
1978-06-30,3.08
1978-07-31,2.67
1978-08-31,2.32
1978-09-30,3.02
1978-10-31,-0.84
1978-11-30,-0.98
1978-12-31,-1.63
1979-01-31,0.23
1979-02-28,0.77
1979-03-31,0.84
1979-04-30,0.51
1979-05-31,0.5
1979-06-30,0.23
1979-07-31,0.15
1979-08-31,0.37
1979-09-30,0.07
1979-10-31,0.78
1979-11-30,0.68
1979-12-31,0.31
1980-01-31,1.12
1980-02-29,2.33
1980-03-31,2.04
1980-04-30,1.83
1980-05-31,1.86
1980-06-30,2.06
1980-07-31,2.38
1980-08-31,-0.16
1980-09-30,-0.35
1980-10-31,-0.82
1980-11-30,-1.63
1980-12-31,-2.09
1981-01-31,-2.11
1981-02-28,-2.54
1981-03-31,-1.88
1981-04-30,-2.12
1981-05-31,-1.87
1981-06-30,-2.03
1981-07-31,-2.49
1981-08-31,-2.64
1981-09-30,0.07
1981-10-31,0.91
1981-11-30,2.12
1981-12-31,2.32
1982-01-31,2.45
1982-02-28,2.02
1982-03-31,3.03
1982-04-30,3.78
1982-05-31,3.06
1982-06-30,3.07
1982-07-31,3.09
1982-08-31,3.07
1982-09-30,3.67
1982-10-31,4.22
1982-11-30,4.88
1982-12-31,4.98
1983-01-31,5.38
1983-02-28,5.97
1983-03-31,7.85
1983-04-30,7.93
1983-05-31,7.02
1983-06-30,6.42
1983-07-31,5.82
1983-08-31,6.45
1983-09-30,6.29
1983-10-31,5.53
1983-11-30,6.52
1983-12-31,7.14
1984-01-31,-1.2
1984-02-29,-1.53
1984-03-31,-2.09
1984-04-30,-2.05
1984-05-31,-2.18
1984-06-30,-2.15
1984-07-31,0.16
1984-08-31,0.5
1984-09-30,0.2
1984-10-31,0.53
1984-11-30,1.91
1984-12-31,-0.06
1985-01-31,-0.98
1985-02-28,-1.39
1985-03-31,-1.23
1985-04-30,-1.97
1985-05-31,-2.4
1985-06-30,-2.88
1985-07-31,-3.18
1985-08-31,-3.27
1985-09-30,0.71
1985-10-31,0.59
1985-11-30,1.08
1985-12-31,0.44
1986-01-31,0.16
1986-02-28,2.1
1986-03-31,2.36
1986-04-30,-0.34
1986-05-31,-0.37
1986-06-30,-0.68
1986-07-31,-0.94
1986-08-31,-1.09
1986-09-30,1.07
1986-10-31,-0.37
1986-11-30,-1.19
1986-12-31,-2.01
1987-01-31,-2.48
1987-02-28,-2.78
1987-03-31,-2.33
1987-04-30,-2.93
1987-05-31,-3.05
1987-06-30,-3.4
1987-07-31,-3.44
1987-08-31,-3.4
1987-09-30,-3.44
1987-10-31,-3.23
1987-11-30,-3.08
1987-12-31,-2.31
1988-01-31,-2.0
1988-02-29,-2.76
1988-03-31,-3.63
1988-04-30,-2.95
1988-05-31,-2.49
1988-06-30,-1.88
1988-07-31,-1.54
1988-08-31,-1.32
1988-09-30,-1.56
1988-10-31,-2.35
1988-11-30,-1.52
1988-12-31,-1.53
1989-01-31,-2.11
1989-02-28,-2.44
1989-03-31,-1.46
1989-04-30,-1.97
1989-05-31,-1.94
1989-06-30,-2.05
1989-07-31,-2.26
1989-08-31,-2.08
1989-09-30,0.92
1989-10-31,1.28
1989-11-30,-0.74
1989-12-31,-2.11
1990-01-31,-2.47
1990-02-28,-2.86
1990-03-31,-3.51
1990-04-30,-3.81
1990-05-31,-2.71
1990-06-30,-2.85
1990-07-31,-2.83
1990-08-31,-2.54
1990-09-30,-2.36
1990-10-31,-2.71
1990-11-30,-3.26
1990-12-31,-3.95
1991-01-31,-5.07
1991-02-28,-5.68
1991-03-31,-2.65
1991-04-30,-2.77
1991-05-31,-2.35
1991-06-30,-1.95
1991-07-31,-1.43
1991-08-31,-1.3
1991-09-30,-1.43
1991-10-31,-1.47
1991-11-30,-2.05
1991-12-31,-2.43
1992-01-31,-3.22
1992-02-29,-2.46
1992-03-31,-2.04
1992-04-30,-2.34
1992-05-31,-2.77
1992-06-30,-2.93
1992-07-31,-2.99
1992-08-31,-2.86
1992-09-30,-3.04
1992-10-31,-2.31
1992-11-30,-2.93
1992-12-31,0.9
1993-01-31,2.79
1993-02-28,3.44
1993-03-31,2.9
1993-04-30,2.46
1993-05-31,2.68
1993-06-30,3.06
1993-07-31,3.02
1993-08-31,2.89
1993-09-30,-0.39
1993-10-31,-0.7
1993-11-30,-1.12
1993-12-31,-1.53
1994-01-31,-2.44
1994-02-28,-2.26
1994-03-31,-2.96
1994-04-30,-2.89
1994-05-31,-2.2
1994-06-30,-2.04
1994-07-31,-2.22
1994-08-31,-2.41
1994-09-30,-2.33
1994-10-31,-2.45
1994-11-30,0.59
1994-12-31,0.29
1995-01-31,3.46
1995-02-28,2.23
1995-03-31,4.71
1995-04-30,4.79
1995-05-31,5.12
1995-06-30,5.76
1995-07-31,6.26
1995-08-31,5.71
1995-09-30,4.73
1995-10-31,3.37
1995-11-30,1.86
1995-12-31,2.18
1996-01-31,2.34
1996-02-29,2.9
1996-03-31,2.28
1996-04-30,2.15
1996-05-31,2.84
1996-06-30,3.08
1996-07-31,2.88
1996-08-31,2.16
1996-09-30,1.74
1996-10-31,1.84
1996-11-30,1.86
1996-12-31,3.45
1997-01-31,4.62
1997-02-28,-0.94
1997-03-31,-2.0
1997-04-30,-2.25
1997-05-31,-2.77
1997-06-30,-3.03
1997-07-31,-3.08
1997-08-31,-2.86
1997-09-30,0.45
1997-10-31,0.31
1997-11-30,0.71
1997-12-31,0.42
1998-01-31,1.48
1998-02-28,4.16
1998-03-31,4.17
1998-04-30,4.09
1998-05-31,5.5
1998-06-30,6.04
1998-07-31,7.17
1998-08-31,6.6
1998-09-30,6.23
1998-10-31,5.35
1998-11-30,5.48
1998-12-31,-0.63
1999-01-31,-0.79
1999-02-28,0.57
1999-03-31,0.29
1999-04-30,0.47
1999-05-31,0.22
1999-06-30,0.31
1999-07-31,0.5
1999-08-31,0.52
1999-09-30,-0.28
1999-10-31,-0.77
1999-11-30,-1.01
1999-12-31,-2.12
2000-01-31,-0.05
2000-02-29,1.0
2000-03-31,-0.54
2000-04-30,-0.56
2000-05-31,-0.42
2000-06-30,-0.44
2000-07-31,-0.8
2000-08-31,-0.79
2000-09-30,-0.83
2000-10-31,-0.11
2000-11-30,-0.76
2000-12-31,-1.93
2001-01-31,-2.35
2001-02-28,-2.06
2001-03-31,-2.36
2001-04-30,-1.99
2001-05-31,-2.36
2001-06-30,-2.66
2001-07-31,-2.79
2001-08-31,-2.89
2001-09-30,-2.82
2001-10-31,-3.09
2001-11-30,-2.24
2001-12-31,-1.42
2002-01-31,-1.69
2002-02-28,-2.24
2002-03-31,-2.48
2002-04-30,-2.68
2002-05-31,-2.58
2002-06-30,-2.76
2002-07-31,-3.07
2002-08-31,-3.28
2002-09-30,-3.37
2002-10-31,-3.77
2002-11-30,0.09
2002-12-31,1.6
2003-01-31,0.69
2003-02-28,0.37
2003-03-31,0.1
2003-04-30,1.4
2003-05-31,1.53
2003-06-30,1.53
2003-07-31,-0.19
2003-08-31,-0.01
2003-09-30,-0.4
2003-10-31,-1.35
2003-11-30,-1.28
2003-12-31,0.66
2004-01-31,0.14
2004-02-29,1.01
2004-03-31,-1.19
2004-04-30,-1.7
2004-05-31,-2.15
2004-06-30,-2.8
2004-07-31,-3.26
2004-08-31,-3.23
2004-09-30,-3.26
2004-10-31,1.6
2004-11-30,1.26
2004-12-31,1.73
2005-01-31,2.33
2005-02-28,2.28
2005-03-31,2.21
2005-04-30,2.09
2005-05-31,3.17
2005-06-30,3.83
2005-07-31,4.58
2005-08-31,4.08
2005-09-30,3.55
2005-10-31,3.01
2005-11-30,2.42
2005-12-31,3.46
2006-01-31,3.49
2006-02-28,2.84
2006-03-31,3.71
2006-04-30,4.61
2006-05-31,-0.05
2006-06-30,-0.14
2006-07-31,-0.68
2006-08-31,-1.1
2006-09-30,-1.44
2006-10-31,-1.78
2006-11-30,-1.91
2006-12-31,-2.02
2007-01-31,-3.09
2007-02-28,-2.81
2007-03-31,-3.73
2007-04-30,-3.65
2007-05-31,-3.88
2007-06-30,-4.28
2007-07-31,-4.47
2007-08-31,-4.42
2007-09-30,-3.92
2007-10-31,-3.33
2007-11-30,-3.88
2007-12-31,-3.75
2008-01-31,-2.36
2008-02-29,-2.33
2008-03-31,-3.18
2008-04-30,-3.53
2008-05-31,-3.6
2008-06-30,-3.98
2008-07-31,-4.22
2008-08-31,-4.2
2008-09-30,-4.29
2008-10-31,-4.3
2008-11-30,-4.13
2008-12-31,-3.99
2009-01-31,-4.81
2009-02-28,-4.15
2009-03-31,-4.08
2009-04-30,-4.2
2009-05-31,-3.67
2009-06-30,-3.39
2009-07-31,-3.27
2009-08-31,-3.28
2009-09-30,-3.43
2009-10-31,-2.51
2009-11-30,-3.0
2009-12-31,-3.0
2010-01-31,0.67
2010-02-28,0.66
2010-03-31,0.22
2010-04-30,1.22
2010-05-31,1.5
2010-06-30,1.93
2010-07-31,1.94
2010-08-31,1.53
2010-09-30,1.04
2010-10-31,1.99
2010-11-30,1.84
2010-12-31,3.14
2011-01-31,1.98
2011-02-28,1.82
2011-03-31,3.03
2011-04-30,2.47
2011-05-31,2.82
2011-06-30,3.42
2011-07-31,3.84
2011-08-31,3.5
2011-09-30,-0.21
2011-10-31,-0.08
2011-11-30,-0.45
2011-12-31,-1.63
2012-01-31,-2.27
2012-02-29,-3.18
2012-03-31,-2.31
2012-04-30,-1.74
2012-05-31,-1.96
2012-06-30,-1.85
2012-07-31,-1.74
2012-08-31,-1.58
2012-09-30,-1.89
2012-10-31,-1.97
2012-11-30,0.24
2012-12-31,1.08
2013-01-31,-0.8
2013-02-28,-1.66
2013-03-31,-2.43
2013-04-30,-2.83
2013-05-31,-2.98
2013-06-30,-3.28
2013-07-31,-3.51
2013-08-31,-3.23
2013-09-30,-2.61
2013-10-31,-2.93
2013-11-30,-3.4
2013-12-31,-4.37
2014-01-31,-5.88
2014-02-28,-5.87
2014-03-31,-5.59
2014-04-30,-5.53
2014-05-31,-6.05
2014-06-30,-6.77
2014-07-31,-7.01
2014-08-31,-6.35
2014-09-30,-5.53
2014-10-31,-5.3
2014-11-30,-5.22
2014-12-31,-3.98
2015-01-31,-4.84
2015-02-28,-4.86
2015-03-31,-5.67
2015-04-30,-5.53
2015-05-31,-5.11
2015-06-30,-5.13
2015-07-31,-4.85
2015-08-31,-4.75
2015-09-30,-4.48
2015-10-31,-4.48
2015-11-30,-4.3
2015-12-31,-3.57
2016-01-31,-2.3
2016-02-29,-2.99
2016-03-31,-2.08
2016-04-30,-2.1
2016-05-31,-1.89
2016-06-30,-1.88
2016-07-31,-2.3
2016-08-31,-2.55
2016-09-30,-2.7
2016-10-31,1.57
2016-11-30,1.24
2016-12-31,1.38
2017-01-31,3.61
2017-02-28,4.76
2017-03-31,-0.45
2017-04-30,0.48
2017-05-31,-0.22
2017-06-30,-0.26
2017-07-31,-0.75
2017-08-31,-0.98
2017-09-30,-0.96
2017-10-31,-1.55
2017-11-30,-1.41
2017-12-31,-2.63
2018-01-31,-3.13
2018-02-28,-4.15
2018-03-31,-3.05
2018-04-30,-2.63
2018-05-31,-2.42
2018-06-30,-2.29
2018-07-31,-2.41
2018-08-31,-2.71
2018-09-30,-2.93
2018-10-31,-3.04
2018-11-30,-2.79
2018-12-31,-3.06
2019-01-31,0.23
2019-02-28,2.1
2019-03-31,2.29
2019-04-30,1.67
2019-05-31,2.76
2019-06-30,2.97
2019-07-31,-0.09
2019-08-31,-0.34
2019-09-30,-0.16
2019-10-31,-0.8
2019-11-30,-1.28
2019-12-31,-0.9
2020-01-31,-1.6
2020-02-29,-2.72
2020-03-31,-2.45
2020-04-30,-2.14
2020-05-31,-1.65
2020-06-30,-1.44
2020-07-31,-1.57
2020-08-31,-1.83
2020-09-30,-2.21
2020-10-31,-3.03
2020-11-30,-3.38
2020-12-31,-3.89
2021-01-31,-4.03
2021-02-28,-4.62
2021-03-31,-4.79
2021-04-30,-5.19
2021-05-31,-5.85
2021-06-30,-6.69
2021-07-31,-7.04
2021-08-31,-6.87
2021-09-30,-6.38
2021-10-31,-4.16
2021-11-30,-4.44
2021-12-31,-3.17
2022-01-31,-4.05
2022-02-28,-4.81
2022-03-31,-5.39
2022-04-30,-4.93
2022-05-31,-5.0
2022-06-30,-5.05
2022-07-31,-5.19
2022-08-31,-4.79
2022-09-30,-4.05
2022-10-31,-4.5
2022-11-30,-4.25
2022-12-31,0.87
2023-01-31,2.59
2023-02-28,2.4
2023-03-31,4.14
2023-04-30,-0.61
2023-05-31,-0.52
2023-06-30,-0.55
2023-07-31,-0.67
2023-08-31,-0.27
2023-09-30,-0.09
2023-10-31,-0.71
2023-11-30,-1.28
2023-12-31,-1.56
2024-01-31,-1.46
2024-02-29,1.03
2024-03-31,1.41
2024-04-30,-0.22
2024-05-31,-0.28
2024-06-30,-0.63
2024-07-31,-1.45
2024-08-31,-1.71
2024-09-30,-2.0
2024-10-31,-2.61
2024-11-30,-1.78
2024-12-31,-1.67
2025-01-31,-2.57
2025-02-28,-1.89
2025-03-31,-1.41
2025-04-30,-1.78
2025-05-31,-2.04
2025-06-30,-2.62
2025-07-31,-3.03
2025-08-31,-2.91
2025-09-30,-2.34
2025-10-31,-1.85
2025-11-30,-1.24
2025-12-31,-0.76
2026-01-31,-1.1
2026-02-28,-0.88
2026-03-31,-2.6
2026-04-30,-2.13
2026-05-31,-2.4
2026-06-30,-2.99
2026-07-31,-3.53
