metodo,tendencia_mgL_ano,tendencia_pvalor,rmse_holdout,mae_holdout,mase_holdout,smape_holdout,cv_mase_media,r2_holdout,forecast_10y,ci90_low_10y,ci90_high_10y,forecast_15y,ci90_low_15y,ci90_high_15y,forecast_20y,ci90_low_20y,ci90_high_20y,finalista
naive,0.0,,41.9662562860528,33.25,0.4363203307567859,4.72736931952391,0.7592564352706823,-0.1202607969679703,716.0,-404.9569664697867,1836.9569664697867,716.0,-656.8862957345448,2088.8862957345445,716.0,-869.2725448181752,2301.2725448181754,False
detrend_rf,3.743706712541596,0.0047251492457397,49.81481876286093,41.35406038956585,0.4408045613651031,4.789241281033728,0.8998355034364088,-0.5784680309309536,743.4910091350504,641.0388326521318,845.943185617969,762.2095426977584,636.7317649873978,887.6873204081189,780.9280762604664,636.0388187836809,925.8173337372518,True
detrend_xgb,3.743706712541596,0.0047251492457397,51.49276508459575,41.75937065008168,0.4649904953913445,5.02598075520842,0.8618708047951633,-0.6865961634586537,752.8350697965457,579.3593987512107,926.3107408418806,780.4521481476143,567.9887097236259,992.9155865716026,790.2721369219616,544.9404901878753,1035.603783656048,False
svr,-1.739879462614203,6.256359670413827e-29,38.862433438513975,31.22482003245004,0.4899644312917926,5.291131128339496,0.7915449313342323,0.0393201895996526,707.6009037349594,635.2881291056666,781.9957527712401,704.0049194261537,616.0697298799251,783.2508467050112,702.9697269204383,629.2969916119455,776.870429965849,False
hibrido_arima_prophet,3.764605515278371,4.944853783547377e-13,46.39794287761784,37.405281941571296,0.4908476688360066,5.34653280875379,1.0468463896101123,-0.36935525579021,714.3921160886798,130.06382105738055,1501.5213012953918,738.9110697999715,-94.31822858068516,1832.2522992305392,763.4802381240854,-332.29084011568887,2176.5738590626247,True
stl_tendencia_linear,2.9173784551573982,0.0039652299604259,46.07754256798241,37.41435257725751,0.4909666974905264,5.299642666816837,1.001436678480675,-0.3505084294801699,744.7309773457379,673.3152502343338,816.1467044571419,759.3178696215249,684.1672330455881,834.4685061974617,773.9047618973119,694.3334179115963,853.4761058830276,False
xgboost,-0.907158501878928,0.1000831914517837,49.52464713481688,39.75313186645508,0.4981503584635066,5.482744690535436,0.8052806170985184,-0.5601323843002319,649.60791015625,637.6052856445312,708.139404296875,717.5686645507812,683.2332763671875,717.5686645507812,649.60791015625,637.6052856445312,708.139404296875,False
sarimax_cloreto,8.110698245227885,4.230158128253315e-32,49.71919374613651,38.281636609431104,0.502347559318438,5.474039435309183,0.943707537901574,-0.5724137618738325,778.0904320567763,271.44485758553805,1284.7360065280145,819.7969029907997,142.4009741643249,1497.1928318172745,861.5033739248232,17.830060084927027,1705.1766877647194,False
sarima,10.43427854074785,1.771610410816036e-46,48.37718264228132,38.37766289946543,0.5036076562396147,5.469271525966309,1.0677126359792772,-0.4886747647052512,815.7925611763861,130.06382105738055,1501.5213012953918,868.967035324927,-94.31822858068516,1832.2522992305392,922.141509473468,-332.29084011568887,2176.5738590626247,False
regressao_bayesiana,3.7420048006760407,0.0024999999999999,49.29045059889449,39.40477280117919,0.5165992235059271,5.567229145005409,0.981302863739217,-0.5454119210137525,758.2095854418662,624.2308678180779,893.0960875078031,778.7281343817336,636.4230144637219,917.1505544744437,797.6584312375343,658.1146696301304,937.7996283620168,True
ols,3.743706712541596,0.0047251492457397,49.235822255660125,39.36769151182839,0.5165992235059271,5.567229145005409,0.981302863739217,-0.5419882757075303,760.7647406072451,627.1167916248435,894.4126895896468,779.4832741699531,642.3706026449815,916.5959456949248,798.2018077326611,656.879301429617,939.5243140357052,False
prophet,3.810618354338844,9.970103554706726e-12,48.9656650729859,40.47328315358417,0.5311072569138315,5.791175955976819,1.238442396707371,-0.5251129071959277,636.8874689536251,491.8876575078269,780.0459027297735,625.8728731208196,417.4362948907904,835.1972397659407,604.8189667747031,306.03820948407486,879.2136477860873,False
theil_sen,3.9064171122994646,0.0055862715899367,51.05220800620712,40.72342995169081,0.5343897872503018,5.7509343659316885,1.0825797287529493,-0.6578595729030075,767.5187165775401,711.9430456526045,822.6577689064991,787.0508021390374,720.3979067637156,853.1800530290617,806.5828877005347,728.8527678748267,883.7023371516244,False
mann_kendall_sen,3.9064171122994646,0.0056071867536127,51.05220800620712,40.72342995169081,0.5343897872503018,5.7509343659316885,1.0825797287529493,-0.6578595729030075,767.5187165775401,711.9430456526045,822.677611304262,787.0508021390374,720.3979067637156,853.2038503713173,806.5828877005347,728.8527678748267,883.7300894383727,False
random_forest,-0.2483083733615092,0.0504544319327501,40.985827074196536,34.0943431872343,0.5502189005769713,5.929922021710202,0.8390858522613186,-0.0685284452350911,704.347353627575,665.5400000000001,742.6990347490347,704.347353627575,665.5400000000001,742.6990347490347,704.347353627575,665.5400000000001,742.6990347490347,False
ets_holt_winters,7.927106319763425,0.0,53.370693909046494,45.03424921828832,0.5909581508062283,6.47186487855948,0.957720938007953,-0.8118589268627552,787.9546840217345,377.2462922952806,1198.6630757481882,827.5902156205516,325.9900562936344,1329.1903749474689,867.2257472193687,287.9957836248724,1446.4557108138652,False
theta,1.871808474108993,0.0,55.24094454169577,46.93132743497921,0.6158524002792527,6.755022370706651,0.8318761590579593,-0.941068549120976,726.8748471511964,-334.6612971781823,1788.410991480575,736.2338895217414,-564.3122978362711,2036.7800768797536,745.5929318922864,-756.3996730113603,2247.585536795933,False
lightgbm,-0.5093268206681416,0.1352117374095247,44.41850483257356,37.69863787304582,0.6282402150170388,6.744753112151557,0.7308917341392676,-0.25500816892097,703.5298657430666,631.6232472642373,770.9677707726271,703.5298657430666,631.6232472642373,770.9677707726271,703.5298657430666,631.6232472642373,770.9677707726271,False
lstm,6.837245399081004,2.2797928143412308e-05,71.5289015314502,57.20742675948566,0.686088420716862,7.386553288736207,0.7618871958495153,-2.2544813904692917,786.5105505283755,594.7571002921334,808.7465075153241,720.5242982701997,615.3339429357468,808.1047064049384,795.4101711777089,610.3755103890179,807.9992379295653,False
naive_sazonal,0.0,,87.83222643198793,71.08333333333333,0.9327850680088682,10.617944985915283,0.8729490147226174,-3.90711758391752,716.0,225.1075143485733,1206.8924856514268,716.0,114.781945793746,1317.218054206254,716.0,21.773189124712417,1410.2268108752876,False
gaussian_process,3.743706712541596,0.0047251492457397,146.50333314266578,139.71055229916354,2.033654490455339,24.69763430471777,1.1476231985472576,-12.652547380126476,691.5611054750101,248.251161571365,1134.8710493786552,691.7993897299407,248.46012490552263,1135.1386545543587,691.7994479590625,248.4601780556572,1135.1387178624675,False
