Data,TDS_mgL,t_anos,doy,vazao_mgd_TDS,vazao_mgd_Chloride,wrtds_fitted_log,wrtds_flow_normalized_log,wrtds_fitted_mgL,wrtds_flow_normalized_mgL,n_efetivo_peso
2011-02-28,600,0.0,59,14.618505195843325,14.618305355715428,6.343908932890462,6.422227789184784,569.0162160278577,615.3725084171566,28.387438155782462
2011-03-31,616,0.08487337440109514,90,17.213437042573734,17.21361372440509,6.322208399001153,6.393552469727401,556.801275062849,597.9771064727411,28.672300783733803
2011-04-30,592,0.16700889801505817,120,15.849212521874394,15.84942572257983,6.336178817000073,6.385056075170171,564.6346117074728,592.9179796430759,29.6186862710584
2011-05-31,484,0.2518822724161533,151,11.636145628951384,11.636195630651445,6.366601948797819,6.38909727181416,582.0765386529808,595.3189258729526,30.903515124392882
2011-06-30,580,0.33401779603011633,181,13.341395848838172,13.341868877779133,6.3479313552480265,6.385208993125039,571.3096490628942,593.0086543806482,30.822586939084
2011-07-31,564,0.4188911704312115,212,10.934018742452846,10.934153440606297,6.355298768110573,6.376389897989027,575.5342662605353,587.8018480485797,31.23643691921535
2011-08-31,528,0.5037645448323066,243,11.836894121066784,11.836402437682882,6.331437645146857,6.370945717152001,561.9639180906066,584.6104436652854,31.112031951393856
2011-09-30,582,0.5859000684462696,273,11.43559379300683,11.435729465208322,6.3417023887673265,6.386016887821542,567.7620408457161,593.4879365061779,31.29099118662004
2011-10-31,446,0.6707734428473648,304,14.043563355593552,14.043281503829194,6.323375290099071,6.426672749000845,557.4513807415269,618.1139026689964,31.251339743896708
2011-11-30,584,0.7529089664613279,334,15.447915640090669,15.447825226057686,6.337712227073252,6.4783800644513825,565.5010922739621,650.915650345109,31.747153894303747
2011-12-31,614,0.837782340862423,365,15.849209882908005,15.848960176121398,6.36678750675768,6.509572923211403,582.1845576095548,671.539557382203,32.83227813048563
2012-01-31,580,0.9226557152635181,31,14.244190854213182,14.244604316546765,6.409694511426769,6.5149431911906674,607.7080048505949,675.1556056476296,34.32488996589219
2012-02-29,598,1.002053388090349,60,15.949648308109364,15.949383350462488,6.385347614642869,6.498221222696102,593.0908638382734,663.9595458502424,34.81230695430356
2012-03-31,620,1.0869267624914443,91,14.34458884505299,14.344803227185697,6.405185719701613,6.4796284187406386,604.9741438633449,651.7287310899876,35.99500693446416
2012-04-30,602,1.1690622861054072,121,14.344670443047557,14.344554890438795,6.41046292876389,6.475395075408535,608.1751576786085,648.9755712589525,36.5619633515651
2012-05-31,608,1.2539356605065024,152,13.742624321595354,13.742438884713126,6.420600554089867,6.4787113289282106,614.371966953882,651.1313112959136,37.10490120698694
2012-06-30,686,1.3360711841204653,182,11.435458047556123,11.43529620747846,6.442557396186543,6.475858883361992,628.0108203563358,649.276641104399,37.871415174975525
2012-07-31,512,1.4209445585215605,213,10.031193794964029,10.030725419664268,6.451256904175432,6.467004571280408,633.4980389494553,643.5531194134807,38.031773466640956
2012-08-31,646,1.5058179329226558,244,10.031108240342707,10.031086242117416,6.442073532658029,6.460552112393808,627.7070223291734,639.4139875190953,38.02864167217543
2012-09-30,634,1.5879534565366187,274,9.329066715082194,9.328707246968383,6.46550400576559,6.47165941303694,642.5881499765334,646.5557402871652,38.091384497884334
2012-10-31,676,1.672826830937714,305,9.22871170519206,9.228837402518929,6.5006677548844385,6.505205027442924,665.5859329438753,668.6127392626635,38.459904412986894
2012-11-30,618,1.754962354551677,335,11.736436093843372,11.73644417799094,6.474665472794319,6.546230555194093,648.5022496749287,696.6133729412045,39.32483108641263
2012-12-31,628,1.839835728952772,366,15.247292611770458,15.247801758593129,6.425819461352047,6.570558322489313,617.5866986706167,713.7682447674334,39.600802208170364
2013-01-31,614,1.9247091033538672,31,13.3413790140526,13.34106268704045,6.471212999685047,6.576640714577222,646.2671735867646,718.1228930058145,41.12149803949531
2013-02-28,680,2.001368925393566,59,12.639300324446326,12.639203705528727,6.478710595145656,6.563210736840414,651.1308335072919,708.5429914616061,42.01893694995345
2013-03-31,580,2.086242299794661,90,12.539072190523443,12.53900988798003,6.472047806026641,6.546701595783583,646.8069067766385,696.941583409199,42.796676687695154
2013-04-30,616,2.1683778234086244,120,12.538929895045005,12.538658728189862,6.46969374116348,6.54010635130458,645.2860721381626,692.360207532436,43.372493649888355
2013-05-31,692,2.2532511978097194,151,10.833645222550285,10.833333333333332,6.497658842326096,6.535999404800829,663.5862530112996,689.5225522365845,44.11617284345382
2013-06-30,722,2.3353867214236823,181,11.435560692720063,11.43546701100658,6.475782479089661,6.5271016384422555,649.2270354901584,683.4145557283201,44.165446075698874
2013-07-31,720,2.4202600958247777,212,8.426258992805755,8.426502041609956,6.53054457830345,6.514386153449798,685.7715661382041,674.7796232222465,44.20577272182638
2013-08-31,706,2.5051334702258727,243,7.523386390038111,7.523072451130006,6.55152717556352,6.50799383255244,700.3128582577486,670.4799723506052,43.77919257986937
2013-09-30,716,2.5872689938398357,273,7.824243398577228,7.8245096230707745,6.554598453397463,6.517992118662566,702.4670199373444,677.2172474225392,43.976724697308434
2013-10-31,702,2.6721423682409307,304,9.429379573264464,9.429542458748234,6.5361122490297845,6.546999418562868,689.6003652676324,697.1491794004426,44.869510757951915
2013-11-30,718,2.754277891854894,334,9.22860597316019,9.228590282136706,6.577701687783223,6.583061403218639,718.8852064794855,722.7485706347715,45.41249212806761
2013-12-31,688,2.839151266255989,365,13.24120935809492,13.241512053515082,6.4897695809954845,6.6054984921098105,658.3716443975391,739.1482369539609,46.23580946691624
2014-01-31,696,2.924024640657084,31,10.833746795666912,10.833333333333334,6.555513605188107,6.6102309455454655,703.1101781373104,742.6545116643832,47.30937116491665
2014-02-28,676,3.0006844626967832,59,11.234976515828755,11.234933621730066,6.532837918124977,6.595645877113187,687.3460781347466,731.9014524613865,47.999866429750085
2014-03-31,588,3.0855578370978782,90,14.846082317819214,14.846043165467623,6.44202838369741,6.579204334507752,627.6786826493003,719.9662489893965,47.63703745097878
2014-04-30,742,3.167693360711841,120,12.03743204896999,12.037293242329214,6.493385421265874,6.567352996822482,660.7565201687794,711.484047845497,48.974971015150984
2014-05-31,748,3.252566735112936,151,8.727189371497454,8.727072396137144,6.565781203089313,6.556248863473494,710.3666200908683,703.6273358202629,49.33262789836605
2014-06-30,792,3.3347022587268995,181,7.924569435360802,7.924311438423226,6.57653145105067,6.54232313803026,718.0444326525326,693.8967248862976,49.225924990942474
2014-07-31,750,3.4195756331279945,212,7.222382094324541,7.222146810853203,6.586417206106452,6.528442475790166,725.1780465164163,684.3315181000637,48.90698706107885
2014-08-31,752,3.5044490075290895,243,7.623635134445634,7.623774398202957,6.567634039161971,6.522662511818775,711.6840330876568,680.3875156570616,49.25564253042034
2014-09-30,734,3.586584531143053,273,9.128392109200924,9.128252953193002,6.531494644197323,6.533425308244974,686.4234039095669,687.7499370298123,49.8197391566332
2014-10-31,804,3.671457905544148,304,8.727048212176529,8.727418065547562,6.571039276053113,6.560736811596334,714.1116167148435,706.7922755315898,49.989439818117155
2014-11-30,692,3.753593429158111,334,12.137688692976257,12.137672412405646,6.50702456933825,6.591884990878102,669.8304156241279,729.1540239847179,50.55976319328234
2014-12-31,770,3.838466803559206,365,11.636145628951384,11.63600764957654,6.5356685345074075,6.610024676771825,689.2944474460359,742.5013410267268,51.42420683634662
2015-01-31,686,3.923340177960301,31,11.2349770329509,11.234696453363624,6.547949237153542,6.612848281389319,697.8116592195291,744.6008339157597,52.05428812637443
2015-02-28,772,4.0,59,11.636131509300332,11.63607575478079,6.526776975800388,6.599236380415576,683.1927125672087,734.5340704269763,52.470849992970024
2015-03-31,724,4.084873374401095,90,13.44184321051446,13.44183394543107,6.476092572491967,6.583797588130297,649.4283877278494,723.2808431288453,52.3006864163865
2015-04-30,826,4.167008898015058,120,7.824249075316018,7.82449040767386,6.608010537809575,6.571615328309115,741.0073452088992,714.5231008294874,52.18741932012965
2015-05-31,848,4.251882272416153,151,7.824306592461879,7.824438123919469,6.59574672877664,6.560407004947143,731.9752696625823,706.5592091750525,52.693530528681165
2015-06-30,872,4.334017796030117,181,10.23186038325303,10.231814548361312,6.516951184818857,6.546537100051312,676.512675839976,696.8269489217864,53.37862030480824
2015-07-31,858,4.418891170431212,212,7.724030565757184,7.7240026160889474,6.571293024987065,6.533660395049632,714.292844768548,687.9116369709293,53.081334782442816
2015-08-31,850,4.503764544832307,243,9.730286359147977,9.729993782751578,6.511802442246587,6.528750877514854,673.0384378786846,684.5425996677913,53.41376187078286
2015-09-30,820,4.58590006844627,273,9.028045855998128,9.02833288924416,6.5396982789711675,6.538820431944217,692.0777321261054,691.4704603314071,53.49140599417234
2015-10-31,772,4.670773442847365,304,13.040500242293213,13.040678568256508,6.474916932931741,6.561397325672745,648.6653426445813,707.2592759918878,52.73875221394228
2015-11-30,868,4.7529089664613275,334,10.03119163655251,10.031484015241794,6.55990648755978,6.5839967415758185,706.2056524936733,723.424901345203,54.170177447143296
2015-12-31,796,4.837782340862423,365,9.228697444054806,9.228549363898711,6.5919694488525415,6.596463048180345,729.2156094572939,732.4997855893137,54.38065092634956
2016-01-31,764,4.922655715263518,31,13.241082526648835,13.241157074340526,6.499790840000675,6.599652683745382,665.0025265691056,734.8399230656698,54.53282181809221
2016-02-29,660,5.002053388090349,60,12.53905966136182,12.538653287896,6.506277779618799,6.589467421025621,669.3303798899759,727.3933723052601,54.87862721179022
2016-03-31,722,5.086926762491444,91,9.930781136863365,9.930552667692435,6.5560261931530315,6.57740596789047,703.4706763382657,718.6726492535728,55.20899253294699
2016-04-30,836,5.169062286105407,121,8.626782784298877,8.62659270174222,6.580569263701226,6.570055837846027,720.9496229061701,713.4096772804454,55.006476242337904
2016-05-31,800,5.253935660506502,152,6.620503597122302,7.022056773186102,6.624321304968311,6.5624836932679225,753.1928507991079,708.0280370536595,53.358084509230736
2016-06-30,842,5.336071184120465,182,8.125281247685937,8.125351570595376,6.573191769119209,6.552307295429128,715.6503925262484,700.859399386694,55.04246105598032
2016-07-31,790,5.420944558521561,213,6.821175970615913,6.82089059291489,6.595671848251068,6.544097641038381,731.9204610217597,695.1291398505729,54.34940030773361
2016-08-31,772,5.505817932922656,244,7.523359550701408,7.523249692928584,6.573744277894705,6.540740697384207,716.0459049002739,692.7995428463588,54.876523548143254
2016-09-30,786,5.587953456536619,274,8.426236110348363,8.426054187705736,6.560597751475418,6.548119955677484,706.6939957458502,697.9307987653547,55.158320730687336
2016-10-31,778,5.672826830937714,305,8.626774672806743,8.62667009249743,6.571570721301,6.563321695412035,714.491228802593,708.6216147417533,55.29983589969158
2016-11-30,778,5.754962354551677,335,11.435581611831358,11.435851318944843,6.5366933728776315,6.577970462489365,690.0012249486525,719.0784506080105,55.394683989376674
2016-12-31,806,5.839835728952772,366,11.836734086676069,9.629842138559091,6.533009500513202,6.584519116052901,687.4640247348607,723.8028987692594,55.70406837833521
2017-01-31,756,5.924709103353867,31,13.542023524037912,13.54245795909856,6.500592291969835,6.586429629927127,665.5357077845487,725.1870560543902,55.326704935156584
2017-02-28,738,6.0013689253935665,59,11.435566993559624,11.435679042972518,6.530700219486929,6.5799074533725435,685.8783087429107,720.4726488498588,55.93963906647289
2017-03-31,682,6.0862422997946615,90,11.335154750100212,11.335082877094552,6.529312504124882,6.573055747692816,684.9271649884128,715.5530553591788,55.73544189306014
2017-04-30,628,6.168377823408624,120,8.827460324733844,8.827266544972977,6.5733271609842525,6.568800000312027,715.7472923271862,712.5143129643305,55.69181799230674
2017-05-31,670,6.253251197809719,151,5.717813808654569,5.717792629801484,6.636449725691997,6.565831712958705,762.3835120218588,710.4025015222451,52.26123531990778
2017-06-30,658,6.335386721423682,181,6.821229946134277,6.82120969890754,6.601572851715289,6.560435873967343,736.2522947103902,706.579607141568,54.744869084169146
2017-07-31,590,6.420260095824777,212,6.018778197780758,6.0188691152341285,6.611956572178773,6.555308357845146,743.9371624389377,702.9658814502009,54.01050271039469
2017-08-31,634,6.505133470225872,243,6.921529022838512,6.921079677611294,6.589228474659201,6.552249733225319,727.219585065731,700.8190575361992,55.03799438447635
2017-09-30,656,6.587268993839836,273,7.122046265426683,7.122140125737248,6.589296554078258,6.55676760213551,727.2690954379087,703.9924292088456,55.06358727271854
2017-10-31,596,6.672142368240931,304,9.32897976920477,9.328874928226432,6.563319693739782,6.567212206253449,708.6201963149489,711.3838846527245,55.58999817136722
2017-11-30,634,6.754277891854894,334,11.435520353433343,11.492805755395684,6.544221896564608,6.576823529506002,695.2155188540634,718.2541885923857,55.34907508350592
2017-12-31,598,6.839151266255989,365,10.131493467433412,10.13189448441247,6.562642645337617,6.579890170493406,708.1405885204587,720.4601971157481,56.057436961203855
2018-01-31,632,6.924024640657084,31,9.730253771666211,9.73042255850492,6.567305532713113,6.579733495002283,711.4502786902535,720.3473275027122,56.144534463255575
2018-02-28,618,7.000684462696783,59,9.629965930168488,9.62974843055492,6.5633750337763725,6.573995106926763,708.6594124676435,716.225532528479,56.10403375481026
2018-03-31,664,7.085557837097878,90,11.836735430932364,11.836488256203546,6.5248465910246845,6.568336979800768,681.8751598569862,712.1844805883327,55.42899934839028
2018-04-30,658,7.167693360711842,120,11.43553242512373,11.43514718426601,6.53096830858747,6.564730552746501,686.0622098916277,709.6206650955031,55.050033499548306
2018-05-31,644,7.252566735112937,151,10.332044923067755,10.332423716199454,6.54385916790804,6.560949363772552,694.9633899928302,706.9425217349012,55.11081563210647
2018-06-30,818,7.3347022587268995,181,9.429326954084654,9.429542458748234,6.552630224996886,6.557584188898572,701.0857641575684,704.5675348877181,55.19865301295514
2018-07-31,608,7.4195756331279945,212,9.93093682948378,9.930563012276746,6.541926406114258,6.553328934661392,693.6214885102636,701.5757907298486,54.801780119378165
2018-08-31,732,7.5044490075290895,243,7.322830260381858,7.322868977545237,6.57715653234182,6.548351486046251,718.4934091023687,698.0924096487583,55.30825730541261
2018-09-30,722,7.586584531143052,273,7.523399562898159,7.523581135091926,6.577908277481714,6.551756285031074,719.0337360993584,700.4733249453421,55.313514961646504
2018-10-31,720,7.671457905544147,304,8.626765254463097,8.62674099131291,6.5695960000675715,6.562578362619141,713.0816999732734,708.0950687814471,55.49780231699165
2018-11-30,732,7.753593429158111,334,10.23181454836131,10.231564748201436,6.555612080724668,6.5731010703214245,703.179420698657,715.5854868394908,55.494785277529715
2018-12-31,544,7.838466803559206,365,13.542107490478204,13.542198499265105,6.5164873879553475,6.576272123976721,676.1989841330352,717.8582484331952,54.34740821167614
2019-01-31,702,7.923340177960301,31,12.338334460636618,12.3382872649249,6.525942166354201,6.575647594268233,682.6226148317877,717.4100645971931,55.493467163216465
2019-02-28,652,8.0,59,15.24731135337129,15.247801758593123,6.485478058537514,6.570603859382434,655.5522817061241,713.8007482957579,53.44864851295625
2019-03-31,664,8.084873374401095,90,12.137759671780648,12.137413356985643,6.519719648813474,6.563302522084789,678.3881717485109,708.60802823789,55.04987493058603
2019-04-30,636,8.167008898015059,120,11.134677163929236,11.13492184975424,6.529144421765409,6.557320337411771,684.8120504890834,704.3816582190826,54.91694759024857
2019-05-31,642,8.251882272416154,151,9.228691812904817,9.228450572875031,6.547140317713381,6.549475267578854,697.2474140480272,698.8773539771348,55.3045450193464
2019-06-30,614,8.334017796030116,181,9.930947749943368,9.930778781230334,6.531159937146098,6.542828736567007,686.1936916014615,694.2476467603711,54.63528655709337
2019-07-31,592,8.41889117043121,212,7.423115561604771,7.423394617639222,6.562592734117508,6.535608326093476,708.1052452416967,689.2529473699625,55.319647254696235
2019-08-31,608,8.503764544832306,243,6.419995582481383,6.420318290821888,6.581242859686289,6.530958767927298,721.4354152731181,686.0556644364502,54.93336177717691
2019-09-30,614,8.58590006844627,273,8.325912559854396,8.325894029302106,6.548660310391403,6.535888012199399,698.3080308728521,689.4457488034927,55.2291429127005
2019-10-31,644,8.670773442847365,304,9.12834949431759,9.128016735547732,6.547782625567514,6.548876086315881,697.6954053971234,698.4587251913019,55.20163194796055
2019-11-30,618,8.752908966461328,334,8.72719300287925,8.727048212176529,6.567558461457103,6.562039844489931,711.630247674359,707.7138494056892,55.617217438689465
2019-12-31,642,8.837782340862423,365,12.438647213070665,12.43871145122119,6.521936776889716,6.567685138337537,679.8939138053706,711.7204004841748,54.6533908217885
2020-01-31,614,8.922655715263518,31,11.937095274920129,11.93740659646196,6.527203319447022,6.568423134647565,683.4840495400589,712.2458413763758,55.42559416474986
2020-02-29,684,9.00205338809035,60,10.432355869690214,10.432542854605204,6.542977719279774,6.563795226528924,694.3510853632083,708.9572485866971,55.90710745189688
2020-03-31,706,9.086926762491444,91,10.031181853384147,10.030901453333977,6.542936646212178,6.557303854106712,694.3225668198199,704.3700477770213,55.63901529247091
2020-04-30,698,9.169062286105408,121,15.347721822541969,15.347721822541969,6.4748954041802635,6.54826123124261,648.6513778399503,698.0294062986228,50.222019185125816
2020-05-31,694,9.253935660506503,152,9.32902093310942,9.329203304023448,6.531974869117459,6.535736911768181,686.7531206966609,689.3415811236362,54.84857280465799
2020-06-30,760,9.336071184120465,182,6.419916698220371,6.419729081599585,6.569971757010827,6.524342259330067,713.349695720625,681.5313553051511,54.54167605213042
2020-07-31,736,9.42094455852156,213,6.419918413095611,6.420169986459812,6.563650316057249,6.5167171347478465,708.8545207007596,676.3543565282022,54.67006555368084
2020-08-31,760,9.505817932922655,244,6.119052126719677,6.119104716227018,6.5698018409034775,6.514146331147583,713.228496414298,674.617815422853,54.45409315278168
2020-09-30,726,9.587953456536619,274,10.63298121833112,10.633385183744895,6.4970130818692295,6.520306270580582,663.1578735795197,678.7862457646324,53.00715870421517
2020-10-31,668,9.672826830937714,305,6.821249587156622,6.8214041905162,6.574805128795042,6.535206855499969,716.8059259063764,688.9762881190986,54.69076545719258
2020-11-30,750,9.754962354551678,335,8.32581934452438,8.325547354324334,6.560607845103666,6.549125468847888,706.701128888328,698.6329303176475,55.17799916768326
2020-12-31,722,9.839835728952773,366,9.128320612208295,9.128389596015497,6.556028710864673,6.556980560222253,703.4724474768068,704.1423660542165,55.38849413854024
2021-01-31,734,9.924709103353868,31,10.33217023111756,10.331734612310152,6.542242818181628,6.559991104898687,693.8409934445892,706.2654122650292,55.306161630338536
2021-02-28,752,10.001368925393566,59,10.733328231032194,11.134425792699174,6.535015023833872,6.558193027327476,688.8441333259898,704.9966332912603,55.062891708586214
2021-03-31,612,10.08624229979466,90,8.125264494286924,8.125374700239808,6.5678412398668575,6.553182818793855,711.8315097990804,701.4732868634457,54.758425653759026
2021-04-30,740,10.168377823408624,120,8.927668675870116,8.927692283259486,6.54559719658035,6.543591433047836,696.1723065523463,694.7773489727084,54.248742812259316
2021-05-31,756,10.25325119780972,151,6.419943410351085,6.420169986459812,6.571727768512321,6.527508106376055,714.6034464690954,683.6923982939368,53.169467458538726
2021-06-30,748,10.335386721423683,181,6.319650162223163,6.319548677604679,6.559672558191475,6.513468791451096,706.0404695728135,674.1608898830222,53.02143818160025
2021-07-31,776,10.420260095824778,212,3.811898934460679,3.811496257539424,6.618423466985374,6.503154820457888,748.7637153954573,667.2433490007519,46.438519738385324
2021-08-31,784,10.505133470225873,243,5.717772720599031,5.717985611510791,6.56432188145223,6.503126960058707,709.3307227494494,667.2247595936535,52.495535721953786
2021-09-30,816,10.587268993839835,273,6.72094677199417,6.72066120688355,6.550256497838793,6.51092983302449,699.4235514392609,672.45139449795,53.01497531049271
2021-10-31,746,10.67214236824093,304,6.821191840093609,6.821549130122654,6.5616188278341285,6.525199470036511,707.4159528016638,682.1158217493535,53.02215589120625
2021-11-30,790,10.754277891854894,334,7.322799987857816,7.32292215008481,6.566809214804958,6.540319489652957,711.0972607879777,692.507791770923,53.24427091682993
2021-12-31,734,10.839151266255989,365,8.526421369716218,8.526688582908509,6.558203402332818,6.550720042978562,705.0039476730401,699.7478409827845,53.47852484871785
2022-01-31,742,10.924024640657084,31,9.83051833465842,9.830524841871467,6.5461660461110736,6.55651755054458,696.568436500717,703.8164167889291,53.266635967984406
2022-02-28,762,11.000684462696784,59,8.526564575111564,8.52677857713829,6.564706693023096,6.556836403554141,709.6037339446985,704.0408665529403,52.945287912663154
2022-03-31,764,11.085557837097879,90,7.322780519040265,7.322603455696981,6.581746372971319,6.553837203567674,721.7987590555333,701.9324705266232,51.89215080918427
2022-04-30,722,11.16769336071184,120,9.228628177790178,9.228507604875006,6.5416481920305145,6.544072117380953,693.4285400851022,695.1113978389602,51.24511813350977
2022-05-31,742,11.252566735112936,151,8.225548940901188,8.225266920221785,6.538601460545795,6.526260481685598,691.3190646540078,682.8399386625653,50.570251163346846
2022-06-30,784,11.3347022587269,181,6.7208987911711455,6.720710388211169,6.547566997147164,6.509898139352832,697.544978657695,671.7579884025937,49.93313379903848
2022-07-31,782,11.419575633127995,212,4.21304899814164,4.212749203622177,6.597145832545307,6.498459928268388,733.0000957728006,664.1180556114385,45.83402181743354
2022-08-31,836,11.50444900752909,243,4.313391392149439,4.312967536418626,6.592242018949395,6.498033212400936,729.4143989173909,663.8347263540921,46.34255796782698
2022-09-30,760,11.586584531143053,273,5.617505995203837,5.617324322360294,6.566366028776546,6.508192431434119,710.7821822415165,670.6131421465504,48.797708954189
2022-10-31,786,11.671457905544148,304,5.4168878637547975,5.416735314038846,6.583160982511943,6.523243771589647,722.8205450101913,680.7831125096463,48.21751534526018
2022-11-30,764,11.75359342915811,334,8.62681582482705,8.626513423407616,6.5441550150346535,6.538124701429047,695.1690233313777,690.989550543022,49.47986035462297
2022-12-31,766,11.838466803559205,365,9.629893996030331,9.63028138640167,6.5436521776331125,6.551157726468306,694.8195542164882,700.0541760937863,49.39753560158528
2023-01-31,746,11.9233401779603,31,10.231868124803109,10.231814548361312,6.543504190985531,6.559237581300455,694.7167378079012,705.7334250678979,49.11236601788754
2023-02-28,742,12.0,59,9.328925000161597,9.329310744952425,6.55688220432366,6.560775848426581,704.0731129048497,706.8198670002082,48.7516394022137
2023-03-31,680,12.084873374401095,90,9.73021582733813,9.730593903255771,6.547685936038136,6.557547292232868,697.6279488179516,704.541539174498,47.64790146570727
2023-04-30,556,12.167008898015059,120,9.730345220226695,9.73053618174163,6.53563096146352,6.545726534725114,689.2685490420544,696.2623540100719,46.31198534904323
2023-05-31,632,12.251882272416154,151,7.222513128737516,7.222878413686961,6.554988458556292,6.524785813457033,702.7410391300034,681.8337184026963,45.73534781219505
2023-06-30,654,12.334017796030116,181,6.720861842635983,6.720939038243089,6.544137303301246,6.505488132193777,695.1567107920022,668.8020535022459,44.90577271219415
2023-07-31,654,12.41889117043121,212,4.514003476118188,6.1189448441247,6.58130072741595,6.493542988164177,721.4771643106467,660.8606417270361,42.31773390050332
2023-08-31,662,12.503764544832306,243,4.714657277199389,4.714799588900308,6.572866025104376,6.494641215577925,715.4173116585799,661.586815679532,42.73112624953748
2023-09-30,626,12.58590006844627,273,6.118938714842822,6.118797269876406,6.5504201282117895,6.506434892064735,699.5380077398734,669.4355482845151,44.000099038104096
2023-10-31,630,12.670773442847365,304,7.322713257965057,7.322323959014607,6.544529360241737,6.52088888903907,695.4293052379771,679.1818343882101,44.16803977301413
2023-11-30,660,12.752908966461328,334,5.115907274180656,5.116245986261838,6.597451481531947,6.538492811291773,733.2241707516815,691.2439574335874,42.323785561246844
2023-12-31,626,12.837782340862423,365,7.824411397399652,7.824774663028198,6.569327224990245,6.552450230439213,712.8900671384413,700.9595838917794,44.22042466779399
2024-01-31,598,12.922655715263518,31,10.332202465452388,10.331880481016649,6.544361856860798,6.5611441992596955,695.3128282335641,707.0802726444532,43.46037216861419
2024-02-29,624,13.00205338809035,60,11.836876652524134,11.836780575539567,6.525855978747863,6.562147112129029,682.5637837578743,707.7897682712181,42.1726825090748
2024-03-31,718,13.086926762491444,91,10.231758882587524,10.231549859450189,6.538992622412232,6.555834723242128,691.5895352050755,703.3359957645944,41.55942684879247
2024-04-30,680,13.169062286105408,121,10.13154182536324,10.131463174783914,6.525260451497221,6.541005500496162,682.1574194368685,692.9830226132001,40.054091351277194
2024-05-31,730,13.253935660506503,152,7.021779836404849,7.02177983640485,6.5500481407873545,6.517825733299517,699.2778367912405,677.1045777585157,39.638292004693874
2024-06-30,732,13.336071184120465,182,6.0186277207742,6.019184652278177,6.545543763213537,6.498296485884941,696.135108715937,664.0095194434859,38.57031292303177
2024-07-31,688,13.42094455852156,213,4.814985221125426,4.814677669629003,6.5552364201246345,6.490237611402814,702.9153135059854,658.6798544666567,37.161507869100596
2024-08-31,684,13.505817932922655,244,5.818152495547422,5.818503092263032,6.535735603934972,6.495595489164121,689.3406795804136,662.2184518316262,37.757111380835006
2024-09-30,718,13.587953456536619,274,6.118948852060413,6.118660627053912,6.537663144255359,6.507216044902312,690.6706929501906,669.9586840605291,37.75853146579956
2024-10-31,788,13.672826830937714,305,5.416834045453992,5.416777688959943,6.555194532569404,6.517965247317284,702.8858707186159,677.1990499285499,37.24668145095988
2024-11-30,702,13.754962354551678,335,7.623644674004386,7.624054602471868,6.546284046390576,6.531537344300155,696.6506366206397,686.4527148852861,37.928025214028395
2024-12-31,740,13.839835728952773,366,10.63306111867263,10.63316013855582,6.530273142237518,6.546702628448951,685.5854482628579,696.9423031170076,36.99798941465725
2025-01-31,704,13.924709103353868,31,9.930918901242643,9.930974139607232,6.545410468133465,6.555435109682131,696.0423235149223,703.0549893141862,37.034442389786975
2025-02-28,772,14.001368925393566,59,10.031249611709598,10.030922630316798,6.543596534509955,6.5553460901948215,694.7808933620763,702.9924065050732,36.28790153199434
2025-03-31,736,14.08624229979466,90,10.131405744969245,10.131105641802348,6.535110221955506,6.54846025584012,688.9097131150677,698.1683451459271,35.015642481910035
2025-04-30,752,14.168377823408624,120,8.32583932853717,8.325888308960675,6.543397715608962,6.533298630106221,694.6427715194983,687.6628196659111,34.11189551718069
2025-05-31,652,14.25325119780972,151,8.626840858601462,8.626876276756372,6.514623535343223,6.509219112723864,674.9398227003275,671.3020016713331,32.68000606199335
2025-06-30,710,14.335386721423683,181,8.02496031343939,8.024884440273867,6.499830403381712,6.488383293614328,665.0288368379131,657.4595844294778,31.80031773670413
2025-07-31,682,14.420260095824778,212,4.714586102379093,4.714799588900308,6.524938421131679,6.4847183821941226,681.9377794010088,655.0544632602453,30.649652386626375
2025-08-31,622,14.505133470225873,243,3.2100364724297736,3.210159145410944,6.5255271523344796,6.4943282830275795,682.3393756546335,661.3798160201814,26.58452127624569
2025-09-30,634,14.587268993839835,273,6.119079499807095,6.119172458643255,6.513020002185949,6.5040878594704665,673.858401594486,667.8662036048896,31.039156997168156
2025-10-31,690,14.67214236824093,304,7.523372606262816,7.523099167724644,6.511868826373028,6.5062375224132785,673.0831184304678,669.3034350616771,30.998490099472143
2025-11-30,688,14.754277891854894,334,8.827414812336178,8.827604583000266,6.51609394633099,6.514706555451447,675.9329916360203,674.9958586034737,30.792222133944556
2025-12-31,654,14.839151266255989,365,8.426103154173909,8.42641676132778,6.536540491772442,6.531182363673559,689.8957448619618,686.2090807156912,30.901324282899086
2026-01-31,700,14.924024640657084,31,7.423090099349092,7.423228084199307,6.5614897855744925,6.543589973875395,707.3246721382699,694.776335173488,30.35554714721039
2026-02-28,728,15.000684462696784,59,6.821191398529528,6.820872415991257,6.5738535809045855,6.546063076158577,716.124175150401,696.4967145745652,29.384738490596472
2026-03-31,716,15.085557837097879,90,7.021756896159051,7.02167995333463,6.567441185753141,6.541518461036091,711.546795629647,693.3385867460296,28.408370532249133
